name,age,city,state,zip,lng,lat
Charles Stewart,33,7413 Marshall Orchard Apt. 434,West Chadbury,Indiana,-134.911743,-27.862237
Susan Wilcox,51,96611 Rodriguez Vista,New Kristinaside,Delaware,61.253855,49.7443025
Julia Tran,78,4697 Hayden Ranch,West Tammyfurt,Alabama,-165.733056,-72.8182505
Daniel Johnson,54,71660 Thomas Oval,Lake Loriburgh,Alabama,80.219013,-64.748327
Matthew Andrews,61,74828 Pamela Lodge,South Josephmouth,Maryland,178.261725,-34.4320595
Beverly Vazquez,67,245 Huerta Spring,Mercedesview,North Carolina,79.987764,-40.087853
Thomas Mitchell,71,480 Cherry Island Apt. 164,South Ryan,Idaho,176.354601,-65.0327315
Richard Price,75,233 Gordon Mill Apt. 574,North Nicholasbury,Arkansas,-109.299148,59.0596975
Jeffrey Lucas,41,03239 Garrett Glens Apt. 322,Bryantmouth,Wisconsin,-24.828288,-4.8553025
Michelle Foster,59,6359 Huffman Valleys,Jamiefurt,North Dakota,145.612386,85.5011615
Robert Wilkinson,70,0082 David Curve,North Robertborough,Oklahoma,-49.058600,61.689676
Sandra Burgess,42,186 Chavez Manor,Brooketown,Connecticut,-109.924919,9.9175125
Jessica Cordova,63,14294 Kari Square,North Larryville,Colorado,12.562235,5.230156
Valerie Malone,62,51689 Mark Pass Suite 091,Maldonadoview,Virginia,3.556104,-69.008058
Michael Mcclain,65,7777 Michele Track,New Hannah,Minnesota,-140.737343,-45.115136
Angela Young,23,4455 Hill Mews Apt. 250,South Earlstad,Delaware,36.357867,28.348881
Cindy Knight,60,4402 Sanchez Oval Suite 696,Port Melinda,North Carolina,-50.780647,-39.235436
Jeffrey Smith,51,705 Williams Meadow Suite 374,Lake Deborah,Virginia,94.936227,-37.0831635
Wesley Howard,24,40064 Rita Walk Apt. 992,South Matthewfort,Indiana,82.496300,-34.917738
Melissa Hartman,65,07778 Katie Radial Apt. 884,Johnsview,Florida,-91.348186,63.5834165
Angela Colon,53,6264 Anthony Mission,Lake Candice,Oklahoma,135.039676,-78.4038485
Lee Jones,33,30504 Martinez Hill Suite 895,Emilyport,Colorado,178.475028,-47.3891815
Gerald Hughes,37,73200 Michelle Light,Christianchester,Tennessee,112.588270,-87.918895
Tracy Trevino,22,04292 Rebecca Curve Apt. 241,Lake Zacharyville,New Mexico,-17.002115,-77.437580
Clinton Lutz,33,1353 Thomas Ranch Apt. 554,Elaineport,Montana,-83.276499,61.068976
Kimberly Mcdonald,63,179 Claudia Ford Suite 686,Port Kristine,Georgia,158.325146,86.4154325
David Sanchez,49,1424 Andrea Oval,Chadstad,Kansas,179.014402,17.6927745
Tracy Martin,64,8503 Huynh Ports,Lake Tammybury,Maryland,-81.800823,-85.8113445
Maria Baker,44,47177 Samantha Ville Apt. 267,Port Janetborough,Texas,130.684118,48.803065
Zachary Miranda,18,73477 Benjamin Mission Suite 894,Lake Paula,New Mexico,-137.563295,-15.6301105
Laurie Wood,41,9175 Jacob Flats Apt. 817,Matthewsburgh,Ohio,161.233381,20.5110195
Patty Robertson,19,082 Edwards Gateway Suite 365,Lake Jennifer,Indiana,-120.442192,-77.7438855
Donald Wiley,54,67692 Angie View Suite 980,Howellmouth,Georgia,-17.987003,81.309155
Jennifer Johnson,59,4245 Keith Curve Apt. 206,Kevinshire,Idaho,-108.015923,-16.5677205
Mr. Joshua Nguyen,36,6620 Gina Corners Suite 400,Moorebury,Kentucky,-22.225555,25.883666
Tiffany Berry,61,9737 Turner Station,New Justintown,Virginia,-61.599931,22.546258
Roger Simon,18,12431 Kimberly Village,Adammouth,Kansas,-17.220903,87.639624
Timothy Mack,74,58351 Zachary Mountain,Lake Stephanie,Arkansas,-30.672346,-42.6696765
David Holland Jr.,39,99361 Deborah Path,Pricefort,Vermont,62.824044,-83.141413
Kevin Gonzalez,66,8551 Lauren Hill,South Kathryn,Georgia,88.117327,-71.6698765
Joann Wright,43,7556 Daniel Court,Jasonfurt,New York,157.125253,-72.4553455
Justin Moore,67,5065 Johnathan Corner Suite 513,Brucetown,Oklahoma,-167.755113,-4.821657
Katherine Barnett,19,5607 Stephens Prairie Suite 011,Adamstad,California,-70.705683,-39.3626715
Jill Christian,38,492 Fernandez Groves,New Margaret,Kansas,179.274858,-15.6515035
Patrick Petersen,53,4870 Margaret Underpass,Johnsontown,Alaska,-102.691048,-36.0097925
Samantha Hamilton MD,22,752 Sharon Heights,Lake Josephshire,Montana,-96.526442,81.6101885
Heather Yang,48,331 Day Estates,Stephenfurt,Oklahoma,-72.722801,47.892454
Jade Huber,32,32313 Carroll Walks,Martinezborough,Tennessee,121.701302,85.4569585
John Evans,21,8877 Ellis Field,Calvinchester,Missouri,33.319079,35.828817
Patrick Patterson,60,722 Joshua River,North Scott,New Hampshire,32.421343,52.8790645
Gregory Gill,21,726 Jennifer Street,Lyonsport,New Mexico,-153.231383,-24.748394
Hannah Garcia,73,0346 Daniel Extension,Eileenshire,Montana,-176.969408,-42.735373
Andrea Spencer,61,56890 John Avenue,Lake Jonathan,New Jersey,-60.335485,-44.461124
Mark Evans,27,591 Ronald Courts Suite 769,North Makayla,West Virginia,-145.454670,-18.099741
Michael Kramer,22,6243 Richard Common Suite 006,Dawntown,Idaho,175.970363,7.827810
Hannah Morgan,26,83156 Nicole Trafficway,Bakerbury,Rhode Island,78.849406,17.846366
Carmen Harrison,74,1468 Amy Flats,West April,North Dakota,-164.619669,31.4381255
Jessica Ramos,42,0569 Amanda Bridge Suite 072,East Suzanneshire,Pennsylvania,98.023421,8.981829
Christina Smith,25,4869 Jacqueline Ridge Apt. 951,South Rodney,Louisiana,-28.104956,85.534917
Ashley Cruz,50,1781 Barnett Fords,Lake Courtney,North Dakota,162.192620,6.966722
Anne Cowan,23,03875 Thompson Overpass,Fryhaven,Maine,25.034120,19.1510345
Benjamin Jones,57,87879 Tucker Points Suite 194,Yolandaville,Kentucky,168.576662,25.632816
Melanie Rogers,25,0159 Scott Trafficway,Morganmouth,Nebraska,153.535892,20.2457495
Kelly Klein,52,4939 Cody Bridge,Lake Tyler,Alabama,18.427930,68.298749
Mr. Kurt Miller,45,784 Hooper Rue,West Timothyside,North Carolina,45.995148,-33.220542
Lindsay Gutierrez,75,0223 Chan Crossing,West Raymond,Connecticut,-132.297498,4.430924
Joseph Romero,56,570 Mary Mount Apt. 493,Jordanton,West Virginia,-127.101406,-54.3056715
Amanda Mcdonald,27,286 Peggy Parks Suite 910,Amandamouth,Wyoming,137.027816,-21.091558
Jennifer Davis,35,228 Hood Dam Apt. 071,Andreaborough,Pennsylvania,29.870900,37.8219155
Michael Cervantes,21,5931 Marquez Harbors,Bennettfort,Oklahoma,14.774750,83.018219
Randy English,41,2670 Wheeler Circles,Annettechester,Delaware,3.000632,0.252952
Richard Gibson,48,622 Joshua Grove,West Katherineton,Idaho,79.901129,60.6533145
Charles Gonzalez,37,17165 Lewis Lake,Gonzalezchester,New Jersey,132.805819,-17.0212015
Lindsey Hines,74,2969 Cuevas Rue Suite 478,Lawsonberg,Indiana,67.539876,24.106024
Clarence Wilson,44,02436 Dennis Ramp Apt. 140,Lake Elizabethhaven,Maine,7.324407,86.671738
Christine Stephens,53,197 Melissa Extension,West Victoria,Arkansas,50.489981,-51.674292
Nicole Stafford,59,8584 Alexander Stream Apt. 835,Kaitlynfort,New Jersey,-80.803878,56.001791
Douglas Williams,26,671 Nicole Parkway,South Jeffreychester,Massachusetts,125.923075,27.3764205
Valerie Blankenship,61,9173 Pamela Brooks,Jeffreyton,Nevada,116.514727,14.549171
Troy Burns,57,68320 Lee Hill Suite 804,Lake Tracy,North Dakota,-163.435791,55.8208365
James Lynch,72,6756 Matthew Springs Suite 832,Julieborough,Minnesota,31.268319,-64.0333345
Darren Hunt,73,37333 Fletcher Fork,Sarahfort,Minnesota,-164.636680,68.2439605
Mark Lewis,80,4346 Eric Lights Suite 900,East Thomashaven,Oregon,-36.030196,-16.6317775
Anthony Jennings,74,48657 James Plain Apt. 408,Evelynburgh,North Carolina,58.902795,22.9085305
Joshua Graves,45,5922 Kevin Gardens,Emilyborough,Rhode Island,62.211585,-50.4930805
Jean Hester,42,91387 Kellie Parks,Ericfurt,Washington,-152.215105,81.765541
Ashley Smith,72,41710 Ellen Rue,New Kendra,Nebraska,-12.186256,61.415060
Victor Stuart,76,7958 Brown Shore Suite 723,Simmonsport,Wyoming,-18.588054,-85.342796
Matthew Ramos,22,31593 Daniel Keys,East Rhonda,Rhode Island,-87.983479,7.943759
Henry Oneill,51,44510 Watson Burgs Suite 903,North Ericberg,Virginia,143.448453,-14.0676965
Paul Ruiz,54,68722 Andre Cape,New Keithside,Kansas,93.509543,-61.346322
Kimberly Olson,66,67201 Fritz Trafficway Apt. 393,Port Anthonychester,New Hampshire,-58.776649,-46.1941375
Raymond Boyle,43,715 Eric Burg Apt. 382,Russellstad,Wisconsin,-132.918408,-15.9181465
Lisa Nelson,53,538 Jennifer Flats,Morrisborough,New Hampshire,159.225870,-63.8229095
Kimberly Morris,47,146 Lee Union,East Shannonton,Maine,110.954027,72.228231
Caleb Carter,59,056 James Cliff Suite 675,Kristiberg,Washington,-60.511278,-7.3404485
David Crane,65,289 Tammy Manors Suite 375,West Jessica,Vermont,93.367310,74.525100
Rose Williams,42,4140 David Station,Woodstown,Mississippi,-94.818180,84.045212
John Terrell,51,57044 Cody Orchard Suite 212,Figueroaberg,Tennessee,-165.889562,24.599471
Sharon Long,26,137 Patterson Brook Apt. 690,East Lisaside,Vermont,150.457326,16.316170
Richard Martin,58,493 Jacob Squares Apt. 156,Lake Cherylton,Massachusetts,156.871581,-28.5399435
Patrick Decker,59,34298 Carlson Hollow Suite 472,West Janiceberg,Minnesota,-140.092702,-41.588085
Mr. Walter Taylor,56,822 Miller Tunnel,East Erica,Oregon,122.620470,-33.573067
James Castaneda,48,21967 Hooper Coves Suite 484,West Robert,Alabama,-119.184964,81.953834
Timothy Reed,26,436 Stephanie Stravenue,Griffinshire,Pennsylvania,4.694358,-73.5741235
David Mccoy,25,72583 Anderson Divide Suite 844,East Amanda,Maine,139.804859,61.0666555
Steve Deleon,31,5404 Cassandra Trail Apt. 795,Alecland,Minnesota,41.723413,-51.2261705
Katherine Solis,22,8913 Orozco Neck,West Nicholas,Rhode Island,-111.095585,52.147864
Thomas Dawson,31,578 Kathy Passage,Gonzalesfurt,Iowa,43.887947,-7.6125605
Julia Tate,65,43851 Eric Course,Port Daniel,Tennessee,-116.619163,60.8226555
Helen Duffy,28,5392 Ortiz Point,Shahton,Pennsylvania,-17.093700,-36.652854
Alyssa Duncan,77,65576 Reilly Ridge,Collinsstad,Iowa,-158.497318,32.337762
Daniel Cain,29,32119 Smith Fords Apt. 111,West Mark,New Hampshire,42.990731,37.7968775
Christopher Norris,28,0570 Brian Locks Suite 728,Walkerchester,Delaware,126.582077,-9.6834585
Dana Wallace,44,7772 Wagner Spurs Apt. 922,South Josefurt,New Hampshire,138.168725,76.9630505
Mark Torres,24,41445 David Loop,East Norman,Utah,130.902098,36.2216315
Jennifer Lewis,54,331 Rodney Radial Apt. 586,Fernandezland,Georgia,-64.869271,-3.772109
Jacqueline Osborn,31,7320 Anthony Fork Apt. 886,North Toddmouth,Massachusetts,14.322923,44.011695
Cathy Cox,36,2376 Sarah Bypass Apt. 092,Port Jessica,Iowa,-39.611197,-22.8335985
Jack Mitchell,56,58140 Karen Terrace Suite 043,Ernestview,Mississippi,98.527858,-23.2111845
Christopher Chen,39,135 Leonard Landing Suite 462,Thomasbury,Arizona,-175.788555,57.2177375
Charles Thompson,72,22845 Christopher Coves,Brianberg,Iowa,10.300995,-47.533005
Brian Carlson,57,591 Krause Mount Apt. 272,Port Kevin,West Virginia,65.463729,-41.7253365
Margaret Robinson,20,9746 Lopez Freeway Apt. 480,Lake John,Missouri,-126.464598,29.5220245
Kevin Santos,79,149 Grant Throughway Suite 077,Howeville,North Dakota,-53.990708,-55.788805
Brandon Hernandez,51,8480 Ford Point Suite 982,Port Cherylburgh,Delaware,12.577782,26.6447915
Jane Martinez,78,7628 Jenkins Locks,Russellstad,Pennsylvania,106.030455,-50.3268805
Robert Walker,28,95849 Marc River,West Tiffany,Colorado,5.973023,84.1782885
Sean Whitehead,76,3352 Leonard Avenue,East Kristenberg,Indiana,-23.421171,18.4679655
Lawrence Cameron,47,58505 Lee Expressway,Lake Kimberlyton,Hawaii,70.309305,-66.866412
Janet Garcia,64,127 Lozano Estate,Brownbury,Utah,84.154880,64.0159945
Cristian Clarke,39,3267 Alison Forest Apt. 146,New Rodneyfurt,Florida,-116.769289,5.311316
Timothy Dixon,40,804 Michael Fort Apt. 743,New Catherine,Colorado,-114.628175,72.9524445
Deanna Conner,23,983 Barnett Stream,New Xavierhaven,Colorado,-15.052496,-19.5101865
Jennifer Johnson,44,93059 Watts Fords,Clarkmouth,New Jersey,106.161552,-40.382407
Susan Owen,35,81498 Williams Field,Leeborough,Wyoming,-68.263187,-21.298728
Allison Summers,50,61205 Miller Track,East Karenfort,Rhode Island,131.135557,-23.942212
Austin Lopez,41,3957 Diana Stravenue,Lake David,Delaware,-92.463227,-65.2132515
Glenda Bell,58,5343 Cody Trail Apt. 770,South Jeffreyville,Colorado,-153.570692,21.704079
John Barnes,76,138 Kristin Junction Apt. 941,Johnsonbury,New Mexico,49.101506,38.3485295
Jeremy Lopez,59,63772 Sandra Squares,Riosmouth,Pennsylvania,-119.872290,-38.053399
Richard Miller,28,7859 David Bridge,Ramirezfort,Virginia,115.919852,-75.674222
Melissa Clark,35,423 Wang Greens Apt. 595,Port Debra,Tennessee,169.879699,-80.508215
Jeffrey Mcdonald,70,4224 Autumn Harbor,Carsonland,Iowa,-131.647799,2.828852
Sonya Jones,36,0448 Ann Estate,Mackchester,New Jersey,89.900201,76.003009
Andrew Roy,55,16946 Patrick Island,Matthewmouth,North Carolina,-16.467613,-1.699398
Patricia Watson,47,4242 Bennett Crest,Lake Darrellside,North Carolina,-21.235570,-69.2238455
Austin Ellis,26,79840 Mason Islands,South Phillip,Missouri,-160.508070,-7.850452
Travis Padilla,27,19501 Strong Rapid Suite 618,Michealstad,Washington,-57.031805,-53.896624
Danny Johnson,63,44570 Ashley Stream,Abbottmouth,Nevada,139.107073,36.931437
Benjamin Vaughn,55,0971 Bailey Parks,Stephenshire,North Dakota,38.093452,-33.122822
Justin Gonzalez,45,526 Thompson Mills Suite 303,New Suzanneberg,Illinois,178.758091,17.3191015
Michael King,53,640 Daniel Place,Mollyland,Louisiana,-42.666000,-9.070132
Diana Barnes,26,135 Mercedes Valley,South Ruben,Maryland,-123.499085,-79.6756455
Tamara Nichols,54,53376 Edwards Squares Suite 783,Cannontown,Iowa,-150.663520,32.0207725
Madeline Daniels,49,93543 Boyle Port,Brandonland,Vermont,68.801810,20.9276255
Allen Riddle,24,53826 Santos Key,South Ethan,Florida,-39.484178,66.4151775
Christopher Joseph,18,657 Suarez Coves,North Michellebury,Rhode Island,36.997105,57.1774885
Stephen Andrade,78,331 Sarah Rapids Apt. 177,Mooreland,New Mexico,-97.477285,37.528576
Morgan Patel,40,451 Robin Street Suite 436,Lake Andrewberg,Kansas,85.212499,-24.4338115
Kelsey Powers,80,247 Gordon Cliffs Apt. 026,New Charleschester,Michigan,-24.013468,68.3818835
Charles Matthews,63,32207 Janet Forks,Kaiserview,South Dakota,-162.501052,85.1106335
Johnathan Lopez,50,1082 Lang Glens Apt. 330,Smithbury,Illinois,-124.565338,-17.698722
Dana Woods,48,2121 Jared Tunnel Apt. 979,Tinabury,New York,107.801731,-8.8131365
Daniel Gregory,33,375 Megan Pines Suite 542,Hughesborough,Maryland,-47.798282,-60.3686735
Pamela Dillon,37,027 Hodges Shore Apt. 414,Cathychester,Georgia,58.936795,24.1755495
Alyssa Rush,57,078 Johnson Radial Apt. 152,South Davidland,Arkansas,139.524622,-80.3983775
Heather Reed,25,878 Matthew Crescent,Nicoleville,Utah,-51.655376,-57.746483
Thomas Rogers,54,25787 Isaac Isle,Batesmouth,New Jersey,-120.130056,-75.6172635
Jessica Smith,57,152 Amanda Brooks,Terrymouth,Arizona,-163.308021,-87.303129
Justin Wilcox,31,398 Christopher Dam,Reedshire,Pennsylvania,27.970262,34.395854
Megan Coleman,57,7980 Weaver Greens Apt. 173,South Regina,West Virginia,3.349427,9.655763
Megan Smith,38,6491 Reynolds Parkway Suite 153,Calebmouth,Montana,127.087584,56.814659
Kendra Warner,52,69597 Kristy Trail,West Christinaland,Maine,-103.766639,-85.5909795
Paul Garrison,63,9365 Stuart Unions,Matthewville,Hawaii,-115.180760,-53.543553
Mary Ward,78,2857 Cortez Knoll,Matthewchester,Washington,112.326727,61.7359635
Andrew Long,50,71504 Kayla Prairie Apt. 478,Samanthamouth,Michigan,-142.399253,63.3402185
Antonio Fox,35,092 Pittman Hollow Suite 854,East Michaelfurt,Nevada,-111.308493,-85.6964425
Kayla Carney,40,81113 Hernandez Court Apt. 258,Flemingport,North Dakota,150.238120,-46.8679955
Joshua Brooks,75,972 Dana Shoal Suite 657,West Calebside,South Carolina,-161.666578,51.5253735
Matthew King,39,9788 Lori Cliff,Joneston,Nevada,-37.562259,-51.6905245
Stephanie Mccormick,61,889 Rollins River,Jacksonport,Illinois,-172.420857,-26.6272365
Tiffany Torres,67,8417 Keller Points,Colleenport,New York,-163.392664,22.573699
Kevin Crawford,32,95184 Anderson Walk,South Samantha,Maryland,131.615714,7.6828615
Patricia Berg,43,547 Cody Square,Brianshire,Georgia,159.079153,-58.9275125
John Cox,55,6356 Wright Estates,West Jenniferstad,Kentucky,152.631035,28.0569135
Jessica Goodwin,24,96932 Stanley Track Suite 434,South Kevin,Hawaii,55.928050,37.637449
Jose Sutton,37,209 Edward Cove,North Tina,Hawaii,-108.703302,41.646458
Kelli Kim,52,9207 Matthew Ranch Apt. 311,Yolandaborough,Iowa,-127.951074,-16.190886
Becky Spears,21,3681 Young Skyway Suite 572,South Tammymouth,Hawaii,-104.041735,-59.7775815
Lisa Davis,62,449 Wesley Meadow Suite 439,Markport,Montana,95.106250,38.930226
Mark Krause,76,75157 Horne Garden Apt. 863,Petersonmouth,Colorado,-6.065948,-6.746462
Robert Jordan,36,19186 Brad Inlet,East Andrewland,Arizona,14.159054,8.2199105
Morgan Harrell,79,65478 Dana Bridge Suite 301,North Mirandachester,Montana,-45.184233,77.7559795
Christopher Smith,57,46704 Jose Avenue,New Kimberly,South Carolina,-115.689504,-8.7377385
Brandy Arnold,32,93726 Natalie Brook,Wilkinsonhaven,Tennessee,1.619694,-44.430352
James Barrett,73,3243 Gutierrez Lights,Burtonborough,Nevada,33.534090,-37.4062435
Erin White PhD,60,0580 Sarah Inlet,Pattonburgh,North Carolina,-171.742398,27.7581245
Laura Figueroa,33,951 King Wells Suite 677,East Shariland,Kentucky,-47.249509,-68.195851
Jennifer Dean,46,32179 Jonathan Divide Apt. 401,Lake Jonathanchester,Kentucky,-155.893412,-20.7382385
Lynn Morgan,25,804 Chris Light Suite 805,New Andrew,Kentucky,-114.870220,-10.565293
Stacy Boyer,61,04240 Dylan Cove Apt. 928,Fosterview,Wisconsin,-166.289015,-79.8870225
Lisa Hall,63,138 Ricky Throughway,Lake Emilyburgh,South Carolina,64.096286,-18.1635965
Brandon Cross,58,355 Hunter Ports Apt. 013,Lake Madison,Illinois,-140.225219,-84.3734755
Cynthia Bradley,65,26174 Ware Ports Apt. 374,New Omarshire,Nevada,-79.932251,-49.151709
Karen Williams,23,74547 Monica Tunnel,Port Lauren,Kentucky,117.932857,-44.629215
Lauren Thompson,20,532 Buchanan Place Suite 542,Andrewmouth,New York,152.953076,-69.546075
Kyle Payne,60,1762 Johnson Burgs Apt. 256,West Kyle,Florida,61.415392,-19.337096
Katrina Raymond,43,860 Hailey Drive,North Elizabeth,Kansas,92.810480,-12.1362935
Darin Potter,28,104 Simpson Fields Apt. 220,Katieburgh,West Virginia,52.692952,-47.6588635
Austin Brooks,34,3650 Sanchez Junctions Apt. 111,Abigailfurt,Connecticut,-20.622916,-25.933866
Stephen Perez,19,6940 Hansen Extensions,Lake Robert,Connecticut,-106.886501,3.260986
Patricia Lewis,69,465 Moore Viaduct,Hernandeztown,Vermont,69.303538,-44.9778295
Christopher Koch,53,709 Freeman Overpass,Lake Christinamouth,Ohio,-26.925587,-75.210803
Bianca Walter,50,4823 Carlson Unions,Steventown,Tennessee,126.247707,29.5349865
Wesley Santos,77,79042 Benjamin Trail,Smithmouth,Utah,37.585200,-35.1838785
Stacey Smith,52,714 Holly Isle,Millerfort,Mississippi,156.772672,-13.695501
Paul Brady,75,68834 Alexis Views Apt. 835,West Daniel,Vermont,-60.701914,88.7129445
Teresa West,23,247 Juan Centers Apt. 708,Davidborough,Mississippi,-43.706348,72.0976435
Amber Williams,73,95006 Danny Islands Suite 143,North Christophertown,Kentucky,-94.955807,77.200308
Jennifer Adams,60,135 John Mission,East Stephen,New Mexico,-166.099471,78.654317
Monica Cruz,55,1342 Daniel Forge,Brittanyhaven,Connecticut,112.241378,-53.836106
John Mcpherson,25,99607 Amy Manors Apt. 123,Greenmouth,Mississippi,96.543921,83.8254795
Maureen Willis,40,346 Timothy Stravenue Suite 072,Victorstad,North Carolina,69.987112,37.826343
Erik Davis,72,053 Thomas Spur,New Jenniferbury,Nevada,11.712441,12.487845
Susan Sanders,59,5503 Richard Way,Joneschester,Tennessee,-1.940952,86.7213255
Chelsea Mullins,38,590 Melton Grove,South Richardmouth,Nebraska,-83.165215,-68.4167275
Kari Rodriguez,25,6675 Kennedy Street Apt. 948,Lesliemouth,Iowa,33.212325,46.5237105
Kelly Adams,66,17787 White Row,Lake Melissa,Louisiana,141.306929,-55.5796475
Lisa Peterson,80,05175 Leblanc Springs,East Cody,Maryland,-29.708153,-61.9724765
Ryan Marshall,63,3299 Brown Valley,Charlesberg,Vermont,146.517122,11.258567
Jesse Mahoney,75,0866 Robert Well,New Jessica,Illinois,-20.756617,71.411480
Alison Booth,68,4081 Andrew Walk,Thompsonfort,Idaho,-52.410054,39.132588
Jessica Church,20,852 Kevin Heights,West Ashleybury,Connecticut,11.592212,42.903681
George Estrada,31,023 Solomon Canyon Suite 003,New David,Rhode Island,-113.527782,38.468291
Christian Martin,46,987 Walsh Parks Suite 598,Patrickbury,Delaware,167.020678,-29.1321125
Jacob Brown,42,54944 Burns Mountain,North Jeffreyburgh,Wyoming,-118.786894,24.2295585
Annette Rodriguez,49,91061 Michelle Drive Suite 630,New Dianemouth,Mississippi,-116.823122,-13.7557035
Richard Adams,37,84660 Medina Knoll Apt. 594,Lake Laura,Virginia,-91.127895,76.522162
Carmen May,48,28307 Jones Creek Apt. 708,Rossstad,Rhode Island,175.126138,-16.543384
Cheryl Thomas,35,7836 Terry Island Apt. 863,Alexanderside,Arkansas,-178.201359,72.747169
Kirsten Orr,76,05231 Martin Wells Apt. 256,Navarroside,Hawaii,-148.392820,84.095131
Jesse Guzman,62,346 Holt Mount,North Chaseshire,Wyoming,34.983748,80.0438435
Michelle Bradford,52,26526 Rodriguez Trace Apt. 984,Thomastown,Iowa,8.750605,35.762248
Amanda Brown,61,37089 Ricky Views,Port Daniel,Minnesota,64.974167,-85.3680395
Bobby Young,72,934 Doyle Causeway,East Jocelyn,New York,25.882698,-68.645415
Jon Blake,51,32464 Melanie Union,Lake Jennifer,New Jersey,-4.202233,29.872681
Aaron Webb,24,93429 Carson Highway Apt. 047,Mackenziefort,Washington,45.784715,11.964407
Michael Townsend,76,48634 Copeland Loop Suite 378,Lake Petermouth,Georgia,119.578252,34.046606
Kari Maynard DDS,70,903 Luna Rue,West Taylor,New Hampshire,-34.354239,-52.598411
Mary Brown,44,383 Frank Lock Apt. 677,Cookchester,Nevada,9.574704,80.793955
Megan Parker,47,92287 Hopkins Burgs,Port Audrey,South Dakota,162.670373,-70.030741
Allen Lee,38,7177 Stein Squares,Debraside,Michigan,111.913247,33.8412285
Dr. Keith Keller DVM,36,09450 Edward Causeway Apt. 355,Peterfurt,Maine,88.069912,-75.512685
Joseph Little,74,4937 Washington Trace Apt. 666,Johnsonview,New York,44.676649,89.1482575
Philip Williams,24,1472 Ryan Cliff,Port Christopher,Alabama,-166.709659,80.5801225
Daniel Hughes,64,0135 Wells River,Leonardmouth,Wisconsin,29.805613,16.4293105
Randy Miller,31,44624 Moore Drive,Youngfurt,California,-105.279108,-74.843355
John Eaton,43,662 Tara Valley,South Kathy,Oklahoma,-4.566346,14.888318
Emily Lawson,33,8325 Timothy Gardens Suite 380,Howardshire,California,0.361656,-52.200424
Lance Hardin,77,4521 Anthony Divide Suite 973,Bakerborough,New Jersey,48.425078,-86.372228
William Warren,24,1106 Greg Court,North Breannatown,Alaska,-89.077843,67.166202
Leah Elliott,57,37578 Danielle Junction,New Heather,Iowa,-148.009889,-16.2951775
Ruth Perry,23,9019 Tracy Trail Suite 152,East Aliciabury,Vermont,-9.243318,-15.3456125
Brandon Mcgee,65,87135 Jessica Turnpike,Lake Robin,Indiana,-17.674402,-55.571334
Kelly Russell,77,9344 Sanchez Summit,North Marcusstad,Connecticut,-26.949912,-63.6680965
James Johnson,23,0159 Monica Cove,Deborahside,Michigan,-0.259062,-43.167308
Dr. Ashlee Sanders,77,62967 Ian Unions Apt. 584,Campbellbury,Wisconsin,31.193237,56.9841995
Jennifer Howard,35,9120 Aaron Row Apt. 892,South Davidland,Oregon,-7.464370,-19.237655
Jesus Schmidt,51,4333 Jones Shores Suite 099,Melissafort,New Jersey,121.106567,69.5043765
Jesus King,39,416 Burton Overpass Suite 384,New Kevinhaven,New York,55.841313,-56.3446925
Kevin Weber,31,16998 Amanda Forest Apt. 080,Ryanshire,Washington,18.938209,-47.626599
Walter Wells,47,133 Villanueva Lane,Port Samuelbury,Louisiana,125.852173,79.445821
Nathan Price,50,3450 Richard Walks Apt. 104,North Martin,Florida,84.381822,70.422402
Caitlin Robinson,21,840 Martin River,South Sherry,Michigan,-13.621228,12.386570
Joshua Jones,71,1093 Monroe Plain,East Regina,Missouri,50.788790,60.908097
Madison Ballard,79,943 Roger Orchard,Nicholemouth,Texas,-144.889745,-63.4854855
Brian Lopez,74,88388 Amber Keys Suite 574,South Angelafort,Illinois,-25.952748,71.299726
Erica Baker,21,526 Bolton Neck,Christianmouth,Illinois,135.853769,82.114184
Erik Jones,76,997 Jackson Lock Apt. 163,East Shawna,New York,111.991915,-27.024584
Kimberly Jacobs,78,2668 Williams Brook Apt. 953,Robertfurt,North Dakota,-64.289427,73.3323175
Tommy Huber,54,199 Ryan Corners,West Gary,Rhode Island,-87.075345,-45.048245
Ryan Townsend,38,5257 Gonzales Glens,Rickymouth,Arizona,-134.521506,16.919032
Ryan Smith,52,1875 Huynh Park,Port Ebony,Maryland,-16.086518,-77.9516465
Samantha Wright,37,0688 David Garden Apt. 602,West Patrick,Montana,-23.976357,88.463903
Danielle Lowery,27,4481 Murphy Parkways Suite 264,Knightview,Washington,-114.181140,11.157784
Robert Mendoza,60,65983 Sanders Estate Suite 666,South Jeremy,Alaska,177.798244,32.306177
Nicholas Johnson,47,978 Martinez Ferry,East Sarah,Montana,121.549842,48.6202115
Christine Russo,77,0130 Hood Streets Suite 334,Tinaland,Alabama,58.041571,29.694490
Catherine Harper,18,015 Allen Islands,Robertburgh,New Mexico,108.907806,-88.022045
Steven Gonzales,62,0877 Anita Rest Apt. 974,North Angela,Nevada,170.821243,-31.785980
Crystal Huang,75,0051 Hughes Spring,Waltersburgh,Alabama,143.910293,43.5387595
Kevin Bush,78,70239 Theresa Spur Suite 999,Lake Raymond,Oklahoma,131.681194,44.6554765
Martin Stewart,69,1812 Clay Flat,North Jeremychester,Pennsylvania,18.986969,16.324035
Michelle Sanders,25,302 Ashley Walks Suite 349,Johnsonhaven,Kentucky,-149.216117,9.032486
Daniel Sparks,66,036 Wendy Canyon Apt. 607,Jonesstad,Indiana,-132.281475,26.3035755
Victoria Winters,79,7653 Richard Place Apt. 954,Williamtown,Colorado,-74.348771,-63.4877125
Stephanie Roberts,76,202 Rodriguez Field,New Troyhaven,Indiana,-69.650231,72.3744365
Candace Martinez,56,3821 Hanson Throughway,Shaunborough,Minnesota,147.352642,-16.7154895
Lisa Mcgrath,53,1703 Carlos Crescent Suite 409,Port Kevin,Iowa,-11.285798,72.291696
Maria Harper,22,82542 Johnson Centers,Kimberlychester,Louisiana,2.510751,29.3140455
Roberto James,40,883 Courtney Ports,Joshuaberg,Louisiana,140.000748,-69.426318
Jordan Johnson MD,59,8725 Parker Lock,Lake Suzanneton,Rhode Island,-10.332539,-68.3221605
Scott Garcia,55,86045 Lisa Lakes,West Troy,Wisconsin,132.098870,23.880569
Mary Oneal,25,3013 Rojas Fields,Dianeburgh,Texas,-146.240529,-69.9053825
John Curtis,77,161 Lauren Loop,West Jasonfort,Texas,-77.674467,-58.9393505
Nicole King,29,389 Amber Haven,New Rebecca,North Carolina,118.167194,35.9753505
Nathaniel Mcdonald,18,505 Walker Street Apt. 896,East Deborahtown,Minnesota,-117.806353,63.865194
Evan Frazier,50,2612 Javier Lakes,Port Timothyview,Oklahoma,78.061972,61.7153815
Justin Ellis,72,2061 Rose Loaf Apt. 341,Emmabury,Nebraska,87.759466,72.035502
Andrew Holmes,40,7883 Randall Mission Suite 880,Stephanietown,Missouri,-171.603343,87.9924585
Jennifer Massey,63,8544 Amanda Orchard,Michaelmouth,Ohio,95.223879,-59.2562345
Jenna Ford,70,7605 Nicole Grove,Tanyastad,Utah,-85.668154,7.292318
Jennifer Curtis,21,19235 Bryant Prairie Apt. 432,Craigside,New Hampshire,164.989339,51.648542
Candace Jones,48,971 Coleman Turnpike,Evelynmouth,Washington,-77.755784,-17.7570465
Keith Davis,22,070 Anderson Glens,North Lauraview,California,-141.960822,50.2764225
Sharon Collins,68,2856 Cooke Roads,East Drew,Colorado,-136.427270,16.464468
Christopher Mcmahon,25,9733 Anna Glen Suite 595,South Catherineshire,Idaho,6.211593,-7.595098
Angela Pace,48,354 Thomas Heights,Port Erika,Michigan,0.142795,-38.286047
Edgar Wells,70,91684 Karen Circles Apt. 691,Kevinton,South Dakota,93.629168,-77.2450635
Robert Mcfarland,47,186 Samantha Stream Apt. 913,New Karinaport,Massachusetts,-138.833525,-5.548402
Elizabeth Rowland,74,2161 Banks Harbor Suite 947,Leeland,Tennessee,-57.463469,37.779878
Benjamin Diaz,25,02758 Janice Creek,Valerietown,Louisiana,-81.420714,-46.7664665
Barbara Bailey,26,43532 Dave Mill Apt. 221,East Kristineville,Georgia,49.096053,-45.377151
Donna Morse,23,4247 Hernandez Valleys,Lake Patriciaberg,New Hampshire,43.623613,-40.380125
Alex Ward,18,11672 Ray Estates,Raymondland,Alabama,173.925028,37.1014605
William Walters,67,01658 Fuentes Cove,New Scott,West Virginia,-160.706160,86.3101135
Andrew Hughes,30,6533 Cohen Place,Nathanielport,New Mexico,133.054566,-37.037832
Gabriella Lester,25,672 Sandra Rest,Castilloshire,New Mexico,-78.074994,52.1201155
Kristen Sullivan DDS,71,16488 Scott Mall Suite 778,Jasonborough,Kentucky,-106.188279,-9.1134125
David Murray,72,742 Hogan Port Suite 458,Markland,New Hampshire,146.218247,-7.3636825
Kyle Hernandez,65,4564 Tony Mews Suite 220,Melissaside,South Carolina,134.761540,57.277870
Nathan Koch,18,42299 Perry Way Apt. 111,West Mary,North Dakota,62.639615,46.2063975
Andrea Lozano,37,4303 Cooley Mount Apt. 322,New Carolbury,Mississippi,-69.256101,30.063691
John Montoya,61,82637 Cruz Mission Apt. 782,Moniqueland,Nevada,154.095519,-33.4966795
Linda Jackson,56,1491 Richardson Springs,Port John,Illinois,-149.582618,7.1502675
Michelle Gibson,52,1523 Sarah Causeway,North Danielle,Montana,-96.585796,-21.693583
Cindy Boyle,48,591 Schwartz Corner,Port Ronaldton,Virginia,-154.107257,-27.6971755
Deanna Owen MD,55,84890 Misty Cliff Apt. 762,Port Ashlee,North Dakota,114.048300,1.8720575
Abigail Atkins,31,18260 Curtis Brooks Apt. 635,New Tiffanyton,Alaska,155.163470,8.0979925
Laura Stone,76,48018 Katelyn Causeway,Lake Brendan,Utah,-134.104294,78.8508525
Joseph Pineda,80,826 James Grove,Jenniferbury,Texas,-110.741370,-58.6681525
David Reynolds,21,56100 Reyes Hill Suite 327,New Michaelburgh,Tennessee,12.494890,-48.741776
Ann Baker,75,390 Lee Isle Suite 225,New Jonathan,Massachusetts,-144.316903,-65.728760
Bianca Scott,60,195 John Village Apt. 868,Elizabethmouth,Alaska,-69.263429,-26.811507
Kristina Griffith,52,4239 Li Ramp Suite 983,Donaldbury,Oregon,18.307966,61.9548985
Deborah Hernandez,67,473 Jennifer Inlet Apt. 531,Timothyfurt,New York,-63.736343,44.582545
John Harris,52,912 Katherine Island,Lake Matthew,Iowa,-57.534526,15.271969
Jacob Shepard,52,78860 Chase Hollow Suite 833,Lake Heatherport,Oklahoma,81.512880,22.8012445
Ashley Rogers,20,966 Jackson Street Apt. 590,North Matthew,Minnesota,137.735392,61.676213
Chelsea Mckinney,41,84226 Ortiz Crossing Apt. 768,Joannaland,Nebraska,-2.998989,-25.7687095
Dr. Melanie Marshall MD,42,16440 Bennett Park,Thomasshire,South Dakota,-59.790732,-54.8900995
Jennifer Carter,57,1248 Sheila Port,Vincentmouth,Nebraska,-166.006523,-72.110917
Kathleen Matthews,55,025 Mcknight Junction,East Lynn,New York,3.271658,15.9478995
Troy Kelly,29,8301 Richardson Neck Suite 354,South Shelia,Indiana,-18.078616,-79.4249715
Mrs. Denise Hudson,31,04852 Julia Mill Apt. 480,Tannerberg,New Mexico,-166.184333,48.3456535
Brian Wall,50,1127 York Track Apt. 927,Jacksonborough,Massachusetts,72.601974,-46.9478505
Jennifer Sharp,61,468 Stacey Neck,East Joseville,Florida,-53.485983,-7.717042
Jennifer Morgan,79,66038 Scott Shoal Suite 594,North Lindsey,Virginia,-158.128110,-79.7591075
Paula Diaz,80,898 Manning Forge,Port Kimberly,Georgia,178.401954,-74.992655
Ashley Morris,30,892 Steven Landing,South Charles,Maryland,-29.249539,5.7926795
Kimberly Villegas,61,759 Levi Keys Suite 487,West Michaeltown,New Hampshire,-20.721977,87.3823195
Julie Sutton,49,32114 Mathews Way Suite 796,Buchananburgh,Hawaii,-112.574944,-12.5945975
Mike Aguirre,50,403 Donna Ford Apt. 781,Warrenstad,Alabama,145.503829,49.6304665
Jenna Montgomery,54,4178 Mark Centers Suite 968,Cooperstad,Hawaii,57.131434,-85.4631485
Daniel Allen,64,773 Wade Union Apt. 274,Melissastad,Pennsylvania,-122.052512,-17.0381535
Caitlin Dominguez,56,0633 Odonnell Street Apt. 281,Michaelside,Kentucky,-176.031916,-87.5120635
Maria Hale,72,528 Jacqueline Circles Apt. 377,West Keith,Alaska,-111.872279,-26.178470
Christine Bailey,34,79264 Curtis Haven Suite 086,Maryburgh,North Carolina,135.693134,-67.110241
Anna Stanton,79,19050 Huffman Lake Suite 651,Wilkersonborough,South Carolina,160.185641,17.279076
Heather Parrish,63,2085 Diana Rest,Alisonburgh,Florida,-127.034776,62.229852
James Robbins,67,908 William Highway,New Justin,Nevada,-142.550156,-17.340102
Maria Yates,57,8427 Andrew Isle Apt. 376,Alvaradoshire,Pennsylvania,111.636110,78.7009535
Matthew Galvan,23,02206 Blackwell Gateway,Maureenmouth,Wyoming,-2.169114,-89.343504
Austin Alvarez,77,8678 Megan Extension,Aguilarborough,Connecticut,61.927721,88.223948
Bill West,42,5128 Castro Green Apt. 313,East Robert,Missouri,-71.110356,-73.0896805
Brittany Garcia,53,2753 Ann Garden,South Cole,Georgia,-10.182912,-47.189535
Maria Thomas,35,82474 Sharon Center,Davidville,Utah,-31.972113,18.8054965
Evan Floyd,21,31154 Patrick Mountain,Burkemouth,Hawaii,23.004798,60.696084
Amanda Peters,26,61725 Clark Greens,West Linda,Nevada,-18.872940,62.844409
Megan Herrera,61,2809 Jeanette Spur Apt. 488,Kelleybury,Wyoming,-63.801369,-65.416245
Robert Williams,60,4838 Ashley Landing,Johntown,Colorado,129.281769,-72.291731
Bruce Carlson,35,790 Jones Mountains Apt. 134,South Janet,Vermont,-137.062899,-23.8795645
Philip Payne,39,126 Michele Club,Port Deborah,Missouri,-171.523904,-11.7719375
Sarah Brown,31,7586 James Ridges Apt. 161,Port Sara,Connecticut,-100.523815,-11.216999
Angela Wilkins,55,794 Simpson Plaza,South Elizabeth,Oregon,-20.107547,66.9079845
Shane Mann,42,111 Green Isle,East Jennifer,Maine,-119.165363,-86.7906455
Kelly Franklin MD,35,8720 Michael Extension Apt. 961,Frenchhaven,Wisconsin,-70.725132,7.824404
Robert Baker,54,5517 Valerie Village,North Raymondton,Louisiana,164.699675,-8.5446765
Gwendolyn Barnett,80,20586 Walters Station,West Bradleyton,Oklahoma,-80.330274,-34.659307
Shawn Hanson,44,7418 Lopez Plaza Apt. 685,Clarktown,South Carolina,179.252319,-89.962517
Christopher Harrison Jr.,56,62576 Jonathan Wall,Kimberlyburgh,Michigan,96.249870,-66.6768285
Ian Heath,46,73981 Shaw Mission Suite 281,North Julia,Massachusetts,28.919714,-21.758782
April Perez,27,513 David Stream Apt. 776,Grimesville,Rhode Island,-104.624728,-68.004088
Douglas Turner,76,595 Goodman Ford,West Mark,Arizona,52.832968,-23.834966
Terry Cole,38,2337 Heidi Drive Suite 850,Stewarttown,Virginia,154.724782,-32.461765
Derek Burke,60,4857 Martinez Trail,Port Anthonyhaven,Idaho,9.146563,-12.444842
James Wagner,19,0691 Roberts Street,South Davidborough,Iowa,-163.950016,8.602579
Kathryn Mayo,52,7902 Garcia Fork Apt. 423,Angelaborough,New York,25.622287,-68.950241
Nicholas Ryan,62,8245 Timothy Heights,Cruzberg,Indiana,-113.353690,-15.8157805
Kirk Lewis,24,1489 Lewis Hill Apt. 762,Stevenmouth,New Jersey,82.431147,23.759713
Lisa Murphy MD,44,56427 Haley Tunnel,East Crystal,Arkansas,-85.712300,-15.830211
Allison Reed,36,7027 Kennedy Coves,Timville,Virginia,-7.071421,-39.6726485
Diana Morales,52,5615 Woods Cliff Suite 073,New Alyssastad,Maryland,172.601635,40.090429
Mark Roberts,22,1198 Timothy Plains,North Heather,Virginia,122.526986,-44.7611775
Hannah Vasquez,68,75469 Allen Lodge Suite 750,West Cindy,Georgia,-93.505086,54.0756555
Daniel Miller,72,6157 Michael Square Apt. 393,Dariustown,Mississippi,-147.477453,-55.808912
Heather Barnes,19,9914 Colin Lodge Suite 027,Victoriamouth,Iowa,-179.081205,-54.729098
Terri Mendez,55,945 Mary Summit,North Rodneyside,Wyoming,80.222446,-28.6034325
Shawn Payne,69,071 Hayes Estates,Amberfurt,New Jersey,-18.364114,-69.8366345
Bobby Smith,38,512 Vasquez Junctions Apt. 598,Perezmouth,New Mexico,-99.952020,89.211498
Wanda Anderson,22,96948 Hansen Via Apt. 522,Markmouth,Oregon,53.281671,39.4645295
Jeffrey Ramirez,60,645 Christine Road Suite 979,East Laurie,Texas,136.025940,-31.242239
Walter Garcia DDS,39,2514 Anderson Drives,Kellybury,Colorado,114.736897,42.858805
Leslie Mayo MD,25,672 Jared Manor,New Katieside,North Carolina,-28.672020,-27.9033255
Luis Garcia,37,3245 Rodriguez Stravenue,East Ericfort,Minnesota,51.588350,-39.0483175
Regina Green,40,837 Shawn Crescent Suite 921,Coleview,Maryland,90.123222,-36.4754675
Ashley Patel,63,530 Webb Valley,Johnville,Wyoming,118.990435,-6.603899
Erica Thomas,58,07786 Miller Bridge Apt. 333,Lake Jenna,Wisconsin,-29.531576,-61.7055155
Michelle White,69,58279 Stephanie Ville,North Jasmine,Ohio,-150.174028,-77.0258225
James Mcknight,28,8233 Olivia Brook,New Joshuaborough,Wyoming,-159.810547,-57.610987
Lance Weber,78,34273 Michael Pike,West William,New Mexico,-36.162381,31.5160375
Kimberly Benson,57,241 Megan Extension,Pereztown,Florida,68.840718,-73.820463
Jeffery Mccall,26,2034 Williams Corners Suite 922,Newmanshire,Pennsylvania,112.180573,-41.087517
John Mueller,39,153 Watts Freeway,West Sonia,Iowa,36.614030,-74.058446
Nicholas Jenkins,29,65235 Bryant Orchard Suite 767,East Robert,Oregon,14.479188,82.0754605
Andrea Martin,23,292 Kendra Gateway Apt. 269,West Kathrynborough,South Dakota,-108.866433,26.045374
Elijah Briggs,65,6029 Krista Mills Apt. 052,New Ryanport,Nevada,22.293149,53.797559
Heather Taylor,45,01326 Megan Centers,West Jose,Nebraska,-118.312010,-76.299915
Anthony Campbell,44,66690 Serrano Station,West Dawn,Washington,-136.591330,1.4483305
Timothy Kim,74,0724 Peters Brook Suite 272,Lake Steven,South Dakota,157.446195,16.426855
Edward Williams,43,77277 Jackson Meadow Suite 700,Rodriguezburgh,West Virginia,-165.050912,56.1250695
Robert Jordan,51,008 Gutierrez Station Suite 193,Port Douglas,Maine,56.990564,65.344522
Tonya Tate,76,481 Lee Underpass Apt. 765,Murrayberg,Rhode Island,-46.300672,10.702254
Nicole Heath,52,577 Joseph Falls Apt. 203,South Randall,Alabama,118.829053,62.0352555
James Joyce,61,10057 Mccall Stream,Odomville,Idaho,87.918886,32.482943
Lisa Ramirez,31,182 Malone Club Apt. 808,Housefurt,Wisconsin,146.451919,-72.624318
Christopher Copeland,60,4100 Roberto Dam,Perrystad,Missouri,-40.695822,-75.424722
Ellen Thomas,22,6333 Ellison Highway Suite 094,Patriciaville,Alaska,29.429030,-48.557260
Jill Bradley,31,52351 Chen Rapids Apt. 285,Jennifertown,Wyoming,21.680608,-84.6817485
Billy Allen,21,57164 Caleb Wall Apt. 815,South Jill,Hawaii,127.927581,9.3304875
Brittany Avila,75,016 White Brook Suite 084,New Jeromemouth,Connecticut,99.317365,80.6863095
Mr. Kevin Donovan,73,5585 Tiffany Ranch,Port Paulashire,Wisconsin,-104.078495,55.312353
Jason Reed,78,29726 Peters Mountains Apt. 460,Williamstown,West Virginia,-37.277405,45.2257175
Elizabeth Smith,21,87583 Cruz Mountain Apt. 553,Walterhaven,Georgia,-83.042965,-83.316085
Michael James,55,300 Becky Summit Apt. 008,Kennethmouth,Virginia,1.060506,26.3234085
Olivia Butler,48,3403 Sheila Crossroad Apt. 342,West Donna,Arkansas,129.997622,87.3273055
Devin Holmes,29,49157 Henry Bridge Apt. 098,New Colleenmouth,Arizona,-107.889699,-74.234323
Dennis Mccarty,57,18149 Erik Circle Apt. 854,Munozstad,Pennsylvania,156.717766,-87.6284615
Larry Garcia,59,4609 Derek Creek,Ronaldmouth,Massachusetts,169.756138,42.602988
Bobby Cox,58,31392 Robin Extensions,New Daniel,South Carolina,-48.829436,60.0911115
Andrea Coleman,76,838 David Hills,Cortezside,Arkansas,-96.453507,33.4925825
Margaret Brewer,63,194 Kemp Roads,Milesborough,Vermont,-98.399632,53.6013105
Andrew Evans,64,169 Andrew Underpass Apt. 513,South Mitchellview,Florida,-47.938418,-30.5083735
Antonio Davis,49,735 Perry Meadows,Lake Mary,New Mexico,-105.330433,39.5648995
Christopher Smith,68,2998 Carter Haven,Conleymouth,Michigan,24.613180,-36.701149
Gwendolyn Thompson,70,2679 Smith Courts Apt. 707,New Kevin,Delaware,98.631179,-21.2369195
Johnny Lee,35,6896 Evans Forges Apt. 739,Staceyland,Nebraska,-127.432927,32.571228
Kyle Mccoy,25,19786 Patricia Harbors,Port Cynthia,Maryland,-88.271187,7.8193145
Gabrielle Carter,60,47161 Mcbride Port,North Steven,Alaska,137.565122,53.954930
Carrie Campos,66,9680 Cain Drives Apt. 491,Durhamside,Oregon,176.263011,-13.1540425
Peter Parrish,42,44191 Diaz Village,South Deanland,Ohio,128.114738,89.3369775
Lisa Quinn,62,33741 Pamela Lights,West Tara,North Dakota,62.044727,77.6491815
Dawn Stewart,72,023 Barbara Alley Apt. 731,Valerieberg,Rhode Island,155.965385,-69.331090
George Diaz Jr.,26,83568 Tanya Streets Suite 819,Paulland,New Hampshire,48.479762,-26.3414745
Bryce Andrade,71,2552 Daniel Crossroad Apt. 427,Lake Michaelberg,Ohio,24.866301,-5.292163
Courtney Black,57,4484 Shawn Lock,Lake Gregory,Oregon,30.707597,-61.671983
Ann Johnson,64,61570 Kimberly Landing Suite 773,Longburgh,New Hampshire,-26.369986,-31.3100065
Kiara Griffith,20,78015 Summer Roads Suite 431,Lake Heatherfurt,Pennsylvania,-115.920704,54.1012345
Rhonda Harris,71,82565 Ochoa Neck Suite 255,North Maryville,Louisiana,141.743105,70.7101155
Lucas Watson,78,5833 Jamie Valleys Suite 521,Morrisland,Utah,102.620439,-25.1881925
Jennifer Martin,78,165 Perez Shoals Apt. 032,South Johnfurt,Alabama,-166.724323,31.709039
Jennifer Schultz,41,8087 Gibson Ferry Apt. 589,West Karen,Arizona,-78.564137,-60.211452
Pamela Richmond,80,393 Mahoney Loop,Robertsville,Arkansas,-62.463503,33.741223
Brent Wright,26,7074 Crawford Tunnel,Erintown,Indiana,-72.823989,-45.423138
Hailey Velasquez,60,75611 Robinson Village Apt. 305,Charlesville,Missouri,145.261718,47.5621185
Jeremiah Owens,49,338 Bryan Crossroad Apt. 105,Nicolefurt,Virginia,153.904486,57.204335
Melissa Pitts,43,585 Gloria Lake Apt. 073,New Edward,Alaska,78.974188,1.1382985
Deanna Stevens,80,6008 Aguirre Port,Lake Michelle,Illinois,-174.558828,82.824839
Tiffany Thomas,63,22366 Aaron Falls Suite 488,Jennifershire,Oklahoma,56.933674,38.699207
Michelle Hill,27,54176 Jennifer Turnpike Suite 505,North Margaret,Minnesota,-84.763029,-35.494292
Shannon Welch,74,0032 Harris Crossroad Apt. 998,Jessicaborough,North Dakota,-79.471130,56.9327425
Crystal Lambert,60,197 Kathleen Lodge,Moorehaven,Idaho,169.451091,30.4041045
Steve Lopez,38,44985 Angela Ways,Whiteburgh,Nevada,147.127506,9.179859
Daniel Hudson,66,69496 May Cape,Thomastown,West Virginia,-115.628766,15.8294555
Kenneth Gomez,27,0215 Watkins Valleys,New Kristenland,Oklahoma,-19.551379,50.808151
William Crawford,67,34314 Romero Tunnel Suite 259,Morrowmouth,Wisconsin,-64.744204,50.6117505
Jacqueline Valdez,47,9368 Thomas Ford,Donaldsonchester,Wisconsin,-168.431722,82.714415
Lee Castro,45,088 Cynthia Canyon,Dyerchester,Illinois,35.966019,-57.9677625
Nicholas Marsh,71,290 Reyes Parks Apt. 942,Jasonshire,Alabama,-142.760059,-14.3636115
Kaylee Bennett,76,661 Rick Harbors,Deanfurt,Indiana,118.051969,77.234065
Cody Evans,30,95201 Smith Islands,New Jessicafurt,Washington,-86.645211,8.093219
Kara Yang,71,939 Bridget Parkways,South Laura,Indiana,-80.032769,-55.130319
Alexandra Bryant,32,5139 Becky Knoll Apt. 150,Warnerton,Pennsylvania,-165.931425,30.893868
Juan Rodriguez,32,20302 Robin Track,Aprilhaven,Pennsylvania,-149.953590,66.9457135
Alejandro Johnston,71,033 Karen Mount Suite 408,Johnsonview,Wyoming,110.944491,-27.945629
Brandon Huber,32,8267 Laura Drives Apt. 867,South Shawn,Indiana,-123.053295,-5.744978
Dominique Jacobs,38,75367 Clinton Shoals Suite 191,Braunhaven,Maryland,-97.925717,-54.1530245
Joshua Perkins,32,38101 Calvin Crest,Kellyview,California,109.237213,58.4914925
Emily Perry,54,6139 Deborah Mills Apt. 948,Port Tammy,Washington,-33.871703,67.5935565
Mark Riley,51,6643 Timothy Prairie Suite 280,Ianton,Florida,110.189057,-15.964906
Jaime Jennings,26,670 Brenda Park Apt. 052,Jeanettemouth,Arizona,-163.593088,-67.076954
Timothy Crawford,55,957 Henderson Extension Apt. 341,Lake Timothy,Oregon,145.415266,65.0974115
Kenneth Johnson,23,5288 Thomas Forks,North Jeremyport,Oklahoma,132.406318,-11.081026
Shawn Wood,42,29114 Kathy Mill Apt. 746,Port Timothy,Montana,156.590826,-62.5882395
Joshua Webb,21,8218 Sharon Meadow Suite 552,New Bobbyville,Wyoming,-64.301114,25.6810775
Brenda Alexander,70,696 Wilson Burgs Apt. 691,Sullivanstad,South Dakota,76.392870,-88.177081
Christopher Nixon,38,255 Beth Knolls,Lake Dorisside,Wisconsin,96.396810,-25.6637125
Christopher Ortiz,52,208 Jesus Inlet Apt. 480,New Jacobberg,North Carolina,-157.265670,2.606536
Cynthia Peterson,27,462 Jennings Pass Apt. 562,South Anthonyshire,South Dakota,51.661684,-31.782110
George Mendoza,28,3658 Nicholas Park,Lake Ericabury,South Dakota,-74.300383,33.3081735
Nicholas Burnett,79,3867 Kramer Rapid,Jonesstad,Iowa,143.273861,-23.1812035
Charles Roberts,31,397 Kaufman Cliff Apt. 455,Karinamouth,Louisiana,-17.057630,-5.2694915
Lawrence Black,42,0862 Eric Dale,Coreychester,Minnesota,-78.205805,16.485230
Zachary Merritt,18,797 Nelson Flats,Garybury,Washington,24.032902,64.7192495
Ronald Alvarez,18,4861 Chan Station,West Ryanshire,Iowa,-153.623860,-85.941160
Tyler Watson,29,1899 Shelton Island Suite 968,Frankview,North Carolina,155.765463,32.981038
Mary Norton,72,128 Cisneros Radial,New James,Georgia,-37.387124,8.432784
Jose Bauer,30,0138 Davis Court Suite 729,Port Rebeccashire,Illinois,121.610530,16.7365575
Lynn Green,43,120 Paula Trail,Mariaberg,Vermont,152.277372,-27.7687265
Steven Jackson,20,7940 Stephen Summit,South Christopherfort,North Carolina,-143.276652,-14.5852785
Devin Anderson,28,252 Garcia Prairie,Robertside,Florida,-47.106375,-45.0291905
Janice Brown,43,78046 Joan Hills Apt. 259,New Karina,Kansas,40.857138,-27.8913535
Tiffany Williams,24,738 Williams Corner Suite 679,Lake Victoriafort,Ohio,112.754912,-79.690507
Amanda Glover,25,9370 Roger Green Apt. 742,Farmerland,Georgia,90.619694,-86.584427
Donna Jimenez,35,46455 Autumn Islands,Wellsbury,Michigan,-68.603142,72.0566435
Miguel Howell,26,666 Brown Road,Jessicaland,Mississippi,-83.092121,58.682280
Russell Lyons,34,283 Brianna Stravenue,Lake Jeff,Louisiana,174.270912,-31.460441
William Huff,22,958 Alvarez Shore,North Belindaview,South Carolina,-153.523353,76.269558
Rickey Kramer,41,0076 Charles Burgs,North Brian,South Carolina,-116.400174,25.369802
Michael Rose,76,51802 Sandra Neck,Garciaton,Kentucky,-150.220279,-15.274688
James Navarro PhD,63,187 Pamela Island,Garciaside,Mississippi,106.071451,-32.837053
John Johnson,59,9963 Dixon Pines Apt. 390,New Daniel,Florida,-49.147116,67.3286445
Jennifer Ramirez,37,86979 Ruth Pines Suite 150,Evanschester,Michigan,-125.924229,-2.6094565
Evan Miller,58,2199 Nathan Drive,Kingburgh,Illinois,144.982617,21.2835185
Matthew French,68,078 Michael Coves,Sharonmouth,Arkansas,70.087693,-47.897868
Joshua Sims,55,271 Torres Gateway,West Brentborough,Iowa,25.277916,4.0570655
Gary Hall,66,9158 Steele Meadows,North Corey,Illinois,63.914961,59.112913
Kirsten Jackson,52,0489 Lang Mews,West Manuelview,Mississippi,-44.788823,24.659775
Heather Anderson,73,676 Tony Bypass Apt. 080,West Aimee,Georgia,-69.453052,34.536132
Philip Hunt,23,37357 Michael Ville Suite 305,West Charlenestad,South Dakota,-170.552570,-63.883970
Tina Wolfe,58,60594 Devon Street,Lake Jeffreychester,New Mexico,-88.809521,-48.232363
Eric Montes,50,848 Stevens Spur Apt. 123,Matthewfurt,Vermont,-17.175086,-4.171628
Jeffrey Boyer,20,7839 Ray Coves,South Marthamouth,Kansas,84.959411,23.610450
Brandon Cook,43,648 Reyes Extension,Johnberg,New Mexico,161.036117,-1.991122
Sarah Bailey,36,8098 Griffith Manors,Roybury,New Mexico,-92.063765,-85.469451
John Nichols,80,882 Williams Terrace Suite 166,Port Brianfurt,Kentucky,-46.088404,-0.054916
Sara Casey,22,209 Christopher Cape,Hollowaybury,West Virginia,0.885862,-63.9579195
Mary Anderson,49,032 Todd Unions,Gallegosberg,New Hampshire,-109.596149,-9.8253715
Diana Quinn,73,789 Hinton Extension,Lake Markmouth,Illinois,-112.968933,38.7574115
Tommy Bryant,22,5848 Brooks Coves Suite 631,South Toddberg,Mississippi,119.225594,-61.235403
Judith Smith,43,944 Angela Ville,Lake Adriennemouth,California,-65.931222,-53.800164
Jaclyn Williams,44,17066 Sherry Ridge,New George,North Dakota,133.526678,-52.5511675
Marc Gray,64,3351 Abigail Shoal,North Taylortown,Idaho,16.940103,46.3039555
Bradley Thomas,68,199 Gross Loaf Suite 288,Lake Patricia,Arizona,-110.037640,-49.3414845
Dawn Jackson,47,97014 Reed Terrace Apt. 257,Port Ryan,New Jersey,54.000706,87.0137845
Jessica Brown,34,039 Kristin Mountains,Jeffreyville,Minnesota,-125.124175,-16.679264
Teresa Hernandez,23,3131 Evans Landing,Laraport,Arkansas,-112.469443,28.1209505
Lisa Wilson,66,7772 Lambert Crossroad,Toddberg,Pennsylvania,96.065809,47.8102895
Stephen Schultz,34,1833 Kent Keys,Julieberg,West Virginia,140.540504,-12.407591
Benjamin Taylor,35,42240 Lauren Mount,Murrayfurt,Massachusetts,74.909217,-85.338297
Donald Cooper,74,086 Derrick Trail Apt. 152,Porterchester,Nevada,-5.003601,49.7072135
Steven Stevens,76,7625 Jeremy Street,Phyllisland,Illinois,96.240084,47.847200
Elizabeth Underwood,22,165 Maria Manor Suite 792,Westfurt,Ohio,-58.067372,-8.690100
Paul Meadows,29,6204 Barton Views Apt. 167,Lake Derek,Wisconsin,-60.714852,22.0498525
Derek Young,37,79469 Christopher Place,Pagemouth,New Hampshire,62.456245,-45.969472
Donna Ingram,53,0343 Kristen Road,Morsetown,North Carolina,-122.027400,22.131845
Shannon Lin,39,492 Savannah Viaduct,Chenmouth,Mississippi,22.936154,56.443936
Adam Castaneda,75,073 Avila Mountains Suite 057,Nicholemouth,New Jersey,50.836522,22.767283
James Cameron,56,301 Rogers Tunnel Apt. 617,South Mariahtown,Idaho,-147.059821,41.2587805
Robert Moore,76,087 Donna Keys Suite 599,Jamesmouth,Oregon,-70.813850,-39.720325
Luis Reid,69,59276 Ashley Road,Marshallberg,New Hampshire,-15.349748,-54.010381
Beth Walsh,80,48492 Stephanie Landing,West Annamouth,Colorado,152.943498,21.9801185
Amanda Johnson,45,44805 Wilkins Trail Apt. 116,East Joshua,Alabama,-89.699625,54.0768515
William Jones,21,25221 Larson Cape,West James,New York,-57.281865,34.8062055
Seth Campbell,73,5983 Nelson Bridge Apt. 906,Davisland,Nebraska,117.608055,54.4197435
Tiffany Acosta,22,049 Smith Mountains,Rodriguezburgh,Georgia,-12.355377,77.5818125
Meagan Jackson,65,2568 Frank Way,Port Nicholaschester,Maine,-37.843719,-67.992034
Debbie Ross,43,59319 Wood Ranch,Thomasview,Montana,140.859848,-10.814018
James Hart,71,753 Nicole Heights,New Michael,Illinois,-96.268586,0.7884025
Shannon Hill,21,753 Andrew Expressway,East Williamtown,Florida,-6.664708,83.577134
David Hernandez,67,39083 Haley Islands,Josephborough,Colorado,-128.027317,-74.180609
Mr. Daniel Phillips MD,32,8749 Amanda Rest Apt. 436,Thomasbury,Vermont,116.910630,63.7995735
Jacqueline Anderson,34,0036 Taylor Wells,Kevinside,Rhode Island,-40.486850,-19.087733
Jessica Henderson,71,1515 Yates Inlet Suite 893,Annville,Arkansas,-100.914831,-78.3010895
Julian Nelson,45,461 Amy Estates Apt. 684,Lake Abigail,Massachusetts,-111.082106,-60.1602495
Chad Johnson,21,439 James Squares Apt. 062,Cortezshire,Washington,-13.113579,29.185962
Edward Donovan,50,786 Charles Ports Apt. 825,Lake Joe,Hawaii,84.487969,-10.0566305
Anita Roberson,75,3070 Curtis Point Suite 775,Lake John,Oklahoma,26.971229,-23.036664
Erica Fernandez,25,52347 Donna Brooks Apt. 698,Gutierrezmouth,New York,-55.939634,-0.5156435
Alison Brooks,39,470 Janice Ridge,West Heidiberg,Texas,179.403112,-72.660222
Alexandra Beck,48,710 Wagner Place Suite 988,Lake Matthewburgh,Ohio,2.254927,11.7661135
Jennifer Ellis,38,9323 Carolyn Pines Suite 156,Tanyafurt,Nevada,58.891016,-23.291102
Jennifer Burch,33,36620 Hernandez Dam,Johnshire,Indiana,-118.864310,-18.776583
Julie Cabrera,69,5043 Maria Way,West Brian,Nebraska,-32.739437,-77.188321
Michael Stone,61,6990 Long Ranch Suite 182,East Markland,Iowa,-20.290403,49.2071205
Colin Williams,28,928 Sylvia Ramp,Port Jacob,Washington,16.543432,-62.295801
Ryan Harper,48,99254 Romero Pass Apt. 820,Tiffanyborough,Kentucky,-72.529312,42.9628945
James Andrews,33,5214 John Flat Apt. 714,Samanthastad,Arizona,126.276190,-15.2521155
Kyle King,55,58166 Wagner Locks Suite 205,North Shannonhaven,West Virginia,-127.245025,0.843286
Kaitlyn Chang,57,495 Mikayla Coves Apt. 394,Port Emilychester,Michigan,-136.253704,3.044037
Deanna Cervantes,45,868 Paul Shore,South Lisaborough,Utah,158.305804,-7.6543615
Stephen Thompson,37,168 Joshua Via,Phammouth,Kansas,-176.410298,-89.5536995
Beverly Williams,67,920 Jessica Creek,Gonzalezborough,Illinois,-142.006408,-81.095294
Kevin Young,47,14577 Richmond Trafficway Suite 035,New Reginamouth,Connecticut,-92.106760,-74.733479
Christopher Williams,64,24981 White Plaza,Port Markton,Louisiana,-39.746920,58.309813
David Phillips,36,9183 Nicole Lake,Rayview,Oklahoma,-72.582476,-73.402429
David Gonzalez,25,17677 Karen Extension,Port Timothy,Texas,143.939016,-4.9666855
Kenneth Johnson,61,7412 James Junctions Suite 995,Torresville,Florida,-82.703448,-3.817144
Garrett Sawyer,35,252 Freeman Court,Deckerfurt,Idaho,170.354914,-71.5397415
Ariana Scott,53,13443 Richard Divide Apt. 660,West Connie,West Virginia,-13.838909,-39.8638885
Christopher Wilson,64,751 Rios Mountain,Lake Jenniferton,Wyoming,79.046224,71.6980005
Stephanie Reese,31,520 Combs Rue Apt. 307,North Christopher,Utah,-84.314306,-65.3648155
Christina Adams,35,23401 Anthony Court Suite 365,Theresatown,North Carolina,85.613625,-69.0133745
Chase Johnson,19,7711 Black Plain,South Justin,Rhode Island,-178.107633,70.0238675
Rebecca Phillips,62,03332 Zachary Bridge,Port Blakehaven,Rhode Island,-25.487276,34.0645665
Carla Gomez,53,40185 Cindy Plain,Hamptonbury,Maryland,51.834825,21.529757
Todd Silva,56,960 Maddox Burgs,Blankenshiphaven,Alabama,39.564873,28.2029395
Joseph Carter,52,21140 Clay Greens,Sawyerfort,Wyoming,-85.770228,15.7839315
Katherine Lee,28,2988 Austin Spur,West Michaelshire,New York,119.053259,-83.0928185
Danielle Williams,58,4229 Miller Key,South Brittanymouth,Maine,-101.158284,-22.6296305
Patricia Ruiz,59,203 Alice Mountain Suite 136,Ericamouth,North Dakota,-163.697280,-73.6314405
Danielle Lowe,65,146 Judy Common,Maynardtown,Maine,-113.489078,-51.5506035
Robert Hensley,47,271 Griffin Club Apt. 682,North Diana,Colorado,-48.528709,-20.3125175
David Thompson,43,2919 Morton Locks,Sandratown,Alaska,21.277209,9.9772785
Michael Jones,39,525 Wallace Flats Apt. 797,Mcdonaldton,Nebraska,-158.340416,-57.9106675
Heather Griffin,35,957 Proctor Manors Suite 900,Port Donald,Oklahoma,144.285614,-45.663228
George Ewing,63,9659 Lauren Alley,Kaylaborough,Virginia,-164.983580,24.538465
Susan Carroll,75,42579 Joseph Gardens Suite 682,East Amyberg,Florida,54.017670,-4.2564945
Brianna Brock,66,53751 Anderson Tunnel Suite 386,South Rhondaville,New Jersey,24.447418,29.822712
Jessica Rodriguez,33,2661 Keith Highway,Websterville,California,-100.586593,89.754324
Tina Rangel,79,10341 Jerry Park Apt. 624,Port Brandonville,Illinois,57.009413,89.588347
Thomas Garcia,41,52432 Robert Ferry Apt. 439,Gallaghershire,New Mexico,-95.001740,-47.5588325
Mrs. Heather Hicks PhD,28,36149 Jack Vista Suite 270,Port Mistyton,Idaho,-83.544794,79.4541295
Linda Chang,47,41875 Gay Islands Suite 034,North Jamesburgh,Colorado,102.733871,-59.565598
Steve Webb,35,155 Johnson Circle,West Michael,Mississippi,-120.634756,75.401921
Charles Rodriguez,52,3438 Flores Crossing,Oliverville,Wyoming,4.692584,-84.257642
Mary Hamilton,67,02681 Harris Cape,Johnsonchester,Texas,136.220721,61.979228
Courtney Schmidt,21,58112 Kathleen Spur Suite 287,Teresafurt,Alaska,-169.055104,51.8345545
Brianna Rivera,51,857 Jesse Drive Apt. 433,Garzamouth,Utah,-66.377592,-24.144663
Aaron Michael,30,1884 Matthew Wells,Westberg,Texas,56.435854,2.141853
Matthew Snyder MD,62,524 Parker Garden,Lake Lisa,New Mexico,9.629582,-37.6889565
Glenda Payne,52,11155 Matthew Flat,Port Tracy,North Dakota,59.274215,18.4981095
Kathy Brewer,22,9288 Boyd Landing Apt. 770,North Monicaside,New Hampshire,125.331501,-66.997335
Kevin Thompson,66,50930 Cassidy Mountains Suite 780,Dennisbury,Kentucky,-55.119688,-21.876749
Mark Miller,39,26552 Wilcox Points Suite 402,Parsonsborough,Alaska,57.566850,-67.5566995
Nathan Smith,28,0930 Stephen Garden,North Nicolebury,Missouri,159.282245,-46.5120125
Jimmy Lee,23,66375 Robert Rest,Port Jamesshire,North Carolina,156.691790,-64.465734
Adam Robles,34,813 Adams Plaza Apt. 819,West Jennifer,Wyoming,-73.273005,-37.388611
Andrew Bautista,41,57254 Latoya Extension Apt. 137,Lake Markhaven,North Dakota,82.380824,79.3330705
Christine Harris,72,9835 Johnson Valley Apt. 371,Lake Marialand,West Virginia,13.471639,-41.905044
Maria Krueger,64,60133 Jennifer Island Suite 929,Brownfurt,West Virginia,-105.396977,45.2606805
Jennifer King,42,3469 Alex Ports Apt. 430,Port Jonathanborough,South Carolina,80.084527,61.7718975
Mrs. Stacey Pena,64,379 Parker Valley,South Jesse,Missouri,82.007952,-57.6897575
Melissa Trevino,37,140 Erika Manor Apt. 565,Kelliland,Georgia,107.108905,-87.340973
Crystal Chan,58,027 Brown Dale Apt. 557,Port Alexander,Illinois,-134.832902,-59.149112
Ray Thompson,79,41740 Rose Crest Apt. 903,North Juanshire,Massachusetts,-155.066059,-8.332682
Rebecca Arroyo,38,0128 Patterson Flat,West Lisa,California,-62.115531,-47.408662
Daniel Young,20,749 Snow Isle Suite 668,Natalieside,Pennsylvania,41.683209,14.0169455
Mr. Evan Owens,20,2883 Morales Isle,Lake Zacharyview,Delaware,-140.257209,-50.736870
Jeffrey Adams,59,8148 Silva Camp,Jessicaburgh,Alaska,120.070626,57.180221
Lacey Adams,38,31003 Gabrielle Squares Apt. 899,North Lauren,Georgia,-92.466201,-17.8856115
Carl Herrera,42,404 Riley Curve Suite 962,Holtstad,Mississippi,63.979632,-62.7059015
Kelly Price,62,42767 Williams Unions,Richardton,Kentucky,37.366796,-50.359488
Tracy Garcia,27,81817 Nicole Grove Suite 973,Lake Brittany,South Carolina,68.026535,39.1790735
Joseph Morrison,60,13687 Thompson Brook Suite 637,Sarachester,Texas,-128.268124,-30.188787
Earl Lopez,75,4172 Michelle Plaza Apt. 550,Sparksburgh,Connecticut,60.125534,-37.2986315
Jessica Griffith,24,59660 Ricardo Wall Apt. 973,New Jacquelineberg,North Carolina,-70.192780,-70.637941
Joseph Meyers,28,8053 Aaron Corners,Phillipsfurt,Montana,-32.900186,-74.7565005
Bruce Cole,56,2409 Rivas Plains Suite 905,Deleonport,Minnesota,-165.216667,-67.4051245
Logan Jackson,42,376 Garcia Square,Port Justin,Arkansas,108.152653,54.0666495
Scott King,30,270 Timothy Square Suite 518,Leahburgh,Rhode Island,-178.999320,28.0367995
Tammy Thomas,36,6039 Dawn Trafficway Suite 813,Port Bradleyhaven,Wisconsin,112.568336,-16.5450195
Holly Martin,66,171 Graves Landing Suite 154,New Luis,Maryland,178.332675,37.7297885
Shane Bryant,58,480 Erin Row Suite 014,Robinsonstad,New Jersey,143.229309,28.2175755
Bonnie Castillo,52,1253 Cole Ranch,South Nancyton,Maryland,157.645171,43.810794
Olivia Combs,63,718 Burnett Hill,Moralesberg,Washington,50.718366,29.566289
Kimberly Hamilton,58,585 Norman Rest Apt. 287,North Heather,Maine,-6.776436,88.8206665
Michele David,32,959 Best Keys,Port Jared,Massachusetts,-149.724169,85.7436985
Wesley Gonzalez,78,05972 Kim Port,Port Kristen,Texas,-85.298765,77.9392085
Kimberly Arnold,28,07080 Cohen Glen Suite 777,South Elizabethborough,Nebraska,55.621195,-12.2865125
Rebecca Wilcox,70,42308 Andrea Way,North Blakeland,Maryland,4.877098,57.824083
Heather Medina,52,53747 Tyler Curve Suite 107,West Jeffrey,Washington,65.947202,-12.542040
Heather Henderson,55,715 Allen Meadows Suite 432,East Jacob,Wyoming,-130.246283,53.7843925
Shelia Contreras,46,427 Brooke Lock,North Cassiemouth,North Carolina,116.503663,48.2854445
Lorraine Stewart,60,3932 Edward Points Apt. 650,Harrismouth,Pennsylvania,132.466154,5.0685245
Maxwell Jones,24,08929 Conrad Corner,Simpsonfurt,Louisiana,156.185390,50.9743985
Theresa Vincent DVM,60,62544 Schroeder Islands Suite 051,Alistad,Maryland,7.182349,-37.010417
Janice Lee,27,42679 Davis Dam,Kimberlyfort,Nevada,-132.452944,-45.1244465
Rodney Allen,19,430 Kelly Orchard,Hardymouth,Minnesota,-60.736298,-82.5063575
Anthony Walker,79,947 Dawn Square,West Melaniehaven,Delaware,-89.247630,35.228089
Alexis Romero DVM,74,952 Lynch Mountains,New Oliviafurt,North Carolina,-42.559769,-41.9818405
Nathan Beard,30,2791 Brown Inlet,Jasonfurt,North Dakota,19.599535,80.266895
Laura Mills,66,27967 John Groves,Melissatown,Colorado,-175.354337,22.983142
Jaime Webb,69,440 Ruth Park,Hobbschester,Washington,15.702095,32.0039025
Steven Ortiz,73,28974 Sean Square,Lake Adamhaven,Wisconsin,156.055645,76.8204735
Patricia Aguilar,69,8527 Cory Ford,Michaelside,Pennsylvania,77.566398,-72.7572885
Frank Mendoza,34,56465 Peterson Shore Suite 153,Jenniferfurt,Nebraska,106.312164,-19.1185515
Brad Murphy,65,5469 Anderson Meadow Suite 675,East Rachael,California,-127.794751,2.5811175
Lisa Johnson,48,7978 Shea Pass Suite 527,Joshuaberg,New York,154.215416,-53.247349
Robin Russell,63,223 Garcia Lodge,Dianatown,Georgia,111.638209,-32.985976
Paul Moore,50,42373 Castillo Village Suite 677,South Kayla,Oregon,-78.877648,29.915343
Victoria Rice,40,44711 Thompson Cliffs,New Holly,Rhode Island,9.230493,-66.1924755
Jackie Jones,44,76361 Scott Harbor,West Chad,Kansas,-163.419562,70.453626
Katie Bell,47,1042 Sullivan Junctions,Pearsonshire,Wyoming,97.215131,-31.899127
Brenda Reed,32,1773 Simmons Meadow Suite 258,West Debra,Rhode Island,160.372302,32.528855
Bryce Leonard,36,98231 Schmidt Trafficway,Stephenchester,Maine,-46.372258,-53.571225
Brent Gray,42,21730 Mcdaniel Square,Reedberg,Mississippi,-171.482802,64.3415865
Sabrina Long,28,0574 Erica Radial,Fitzpatrickville,Massachusetts,-143.005800,-31.369518
Stephanie Young,60,4839 Hannah Plaza,Lake Michaelchester,Iowa,159.314571,77.464919
Laura King,77,72218 Fuller Shoal,Hannahchester,Mississippi,18.241207,26.2607875
Paul Guzman,73,739 Randy Hills Apt. 090,Reyesfurt,Pennsylvania,33.051823,16.5620865
Troy Cooley,52,591 Brian Summit Apt. 182,Laurenfurt,Georgia,67.164657,40.7952855
Samantha Pratt,31,81074 Olson Bridge Suite 842,New Tammytown,Nevada,-146.014023,60.085443
Michele Collins,39,88573 Simmons Roads,Port Jonathan,North Dakota,-106.959522,62.345975
Oscar Harris,64,045 Kendra Fields Suite 561,Derrickland,New York,61.078376,76.2758405
Terri Lewis,70,040 William Mews Suite 507,Port Robinport,North Carolina,7.997658,26.0768055
Pamela Johnson DVM,47,40290 Julia Fields Apt. 867,Stanleytown,Rhode Island,-108.970396,-11.402053
Michelle Mooney,40,97733 Ward Mall,Elizabethmouth,Maryland,-16.795891,18.453614
Colleen King,20,414 King Course,Dorseyport,Idaho,44.281286,57.742460
Wyatt Pratt,32,09619 Alvin Walk Suite 487,Sullivanfort,New York,-151.320308,11.9523905
Nicholas Watts,64,7605 Keith Estates Suite 869,Murphymouth,Colorado,-78.225383,82.0070755
Andrea Long,76,5350 Amanda Trail Suite 998,North Joshuaburgh,Kentucky,140.465796,44.238051
Victoria Bryant,61,77870 Frances Stream Apt. 512,Vargasport,Alabama,70.439428,3.8429115
Jonathan Lopez,68,935 Leslie Tunnel Apt. 439,Steeleville,Montana,93.465347,-50.1286835
Jose Mccormick,71,2237 Jessica Hollow Apt. 254,Lake Kelly,Connecticut,-62.109505,-26.4378325
William Miller,51,8347 Richard Union Apt. 648,New Joshuamouth,Wyoming,69.913960,49.2801985
Thomas Martinez,64,11569 Allison Pass Apt. 332,Bowerstown,New Mexico,-98.898848,-2.1502955
Wanda Harris,68,56788 Christian Field Apt. 554,Tracishire,New York,8.731339,-30.8998165
Curtis Wells,46,55930 Douglas Light Apt. 932,New Ronaldton,Pennsylvania,2.072828,47.4240945
Monica Collins DVM,48,9067 Graham Lakes Suite 696,Hurstburgh,West Virginia,5.541007,29.1467505
Morgan Paul,69,998 Evans Burg,West Kennethfort,Indiana,22.592248,34.878377
Elizabeth Hunt,52,88760 Williams Village,Lake Ericton,New Hampshire,166.908195,-63.833192
Vanessa Schmidt,21,1417 Payne Square,Angelafurt,Colorado,-49.123025,-68.001069
John Riley,57,509 Johnson Island Apt. 548,Gonzalezview,Virginia,-88.812790,44.417104
Kaitlyn Wright,61,47218 Brianna Forest Suite 309,South Erin,New York,-100.786086,53.430005
Teresa Carroll,80,605 Anderson Field,Gonzalezborough,Ohio,68.727305,-86.872789
Grant Harris,65,0015 Virginia Haven Apt. 111,Port Karen,New Jersey,113.442697,53.2367085
Mary Carroll,43,53145 Walker Meadow Suite 218,West Jennifer,Oklahoma,-157.974148,-29.1339855
Brandon Cook,26,291 Charles Plain Apt. 612,Teresafurt,Montana,-116.754225,71.283615
Jessica Sosa,56,1077 Angelica Ways Suite 604,Hoffmanberg,Ohio,-154.245703,-68.1964385
Rachel Kelly,35,05570 Maynard Common,Lake Beth,South Carolina,-130.923731,33.574391
Deanna Harris,48,0100 Allison Mountain,South Matthew,Minnesota,20.373542,-31.4885445
John Smith,34,84876 Kathryn Isle,Jeffreyberg,Connecticut,102.357032,-14.172925
Debra Romero,64,5843 Sanchez Drives Apt. 148,Daniellebury,Maine,-172.809030,41.895820
Cory Miller,77,8702 Marc Club Apt. 885,Charlestown,Illinois,159.265781,-18.536195
Renee Watts,19,882 Alan Ford,Jeffside,Kansas,7.239436,80.923459
Jonathan Ruiz,40,427 Lori Forges,Denisehaven,California,-119.988886,-60.6394465
Melissa Williams,65,67822 Ryan Row Suite 135,Henryburgh,Wyoming,-104.912515,64.2661555
Leonard Perez,57,523 Gibson Row,Lake Julie,New Jersey,-146.268360,61.0054845
Thomas Nelson,68,75569 Tricia Fords,East Mark,Wyoming,20.935885,70.8553065
Justin Brown,69,746 Burnett Villages Apt. 938,Fitzgeraldchester,Illinois,58.171995,77.0242365
Miss Julie Booth,18,1331 Erin Tunnel Apt. 615,East Seanview,Illinois,-27.207841,35.994767
Natasha Love,33,326 Brenda Centers,Davidville,Alabama,-163.459540,-11.602968
Danielle Moran,40,75677 Dillon Glens,East Jeff,Alabama,-174.220702,69.842546
James Reyes,64,731 Ashley Gardens,West Emilytown,Tennessee,-109.959633,64.0095245
Jackie Mcdaniel,45,651 Jodi Fort Apt. 417,South Brianberg,Tennessee,65.283059,-11.4922135
Elizabeth Johnson,67,53382 Nicole Loaf Suite 938,Port Jessicatown,Michigan,62.137292,5.1733555
Marvin Santiago,74,804 Megan Mission,New Troy,South Dakota,37.630983,-22.627096
Carla Bullock,58,8366 Arias Burgs Apt. 951,Wesleymouth,Tennessee,158.394834,32.6082215
Jose Keith,54,092 Washington Spring,Port Ruth,Wisconsin,-75.273985,-74.1817205
Joshua Lopez,34,4936 Rollins Turnpike,East Jasontown,New York,-127.292463,55.969315
Richard Burnett,39,121 Walter Squares,North Lori,Maine,-102.651250,-70.456095
Destiny Ferguson,20,588 Bray Corner,Phillipshaven,West Virginia,21.268886,-88.6064105
Jerry Williams,18,8490 Lawrence Knoll,Lake Davidstad,Vermont,-178.767414,-1.881143
Patrick Dickerson,77,9576 Davis Forges Suite 602,South Timothyside,Georgia,-120.366265,-13.723382
Jacob Garrison,57,135 Garcia Junctions Suite 955,Pamelaport,Maryland,-160.337124,15.195583
Donald Holt,26,7072 Angelica Bridge,West David,Iowa,-53.760839,14.711762
Dr. Vanessa Ashley,60,7120 Williams Mountains,Eugeneside,Montana,178.000324,-36.6734425
Dr. Michael Brown,31,8642 David Forks,Lake Angelaview,Arkansas,5.301310,29.9472715
William Lyons,39,425 Adam Circle,North James,North Dakota,101.153898,-69.8222765
Karen Young,28,279 Walker Rue Apt. 765,North Jasmine,Montana,50.792465,-35.340779
Renee Vance,71,8929 Myers Crescent,New Ianstad,Iowa,-35.254435,60.168051
Luis Leon,48,4075 Patton Harbor,Heathermouth,Michigan,142.133490,20.550064
Sarah Mitchell,76,614 Willie Way,Gwendolynburgh,Mississippi,18.299774,-77.7703295
Mr. Cody Thompson PhD,44,873 Lawrence Land,South Vincent,Pennsylvania,-6.176634,-76.9387545
Nicole Johnston,61,341 Nicole Springs,New Michellefort,Missouri,142.030374,-8.3327415
Betty Kim,21,44234 Dyer Grove Apt. 848,North Jonathanmouth,Arkansas,126.929890,59.7480965
Stacey Flores,74,445 Caldwell Plaza,South Devin,Maine,139.896861,-16.9949535
Robert Beasley,22,87441 Johnson Track,West Robertside,Nebraska,125.050619,74.472190
Lisa Marsh,32,70792 Norman Parks,Youngland,Wisconsin,-154.926128,-54.048064
David Gentry,53,769 John Club Suite 842,Murphyburgh,Oregon,143.651022,-41.3679285
Carol Lewis,51,46651 Angela Center,Lindaland,Kentucky,97.230843,55.390117
Lauren Phillips,24,83450 Pamela Spurs,Thomasside,Texas,-6.470773,9.7662185
Kendra Reyes,31,99071 Carrie Courts,Stephenfort,Michigan,79.096835,22.4957775
John King,34,870 Peters Curve,Lake Denise,Maryland,-71.463988,-58.826305
James Crawford,56,816 Kevin Squares,South Mariaborough,Indiana,141.927410,2.2264815
Joshua Nelson,74,58802 Kathleen Station,Vanessastad,Indiana,-47.228638,16.043962
Jessica Wiggins,49,512 Myers Hollow Apt. 041,Rossburgh,Alabama,-107.976238,-6.7806985
Manuel Watson MD,48,785 Miller Key,Castilloton,Massachusetts,-82.458958,15.9220865
Lisa Hooper,49,1759 Miller Plains Suite 199,Wheelerland,Arkansas,27.222260,-61.5179215
Elizabeth Choi,78,3171 Mcguire Lakes Apt. 586,Deanview,South Carolina,-159.628660,32.3761425
Samantha Fernandez,51,4829 Parker Run Suite 583,Bakerton,Alabama,-27.533972,-13.448474
Kyle Moore,56,52365 Barrett Drive,Palmershire,Ohio,-93.622831,-76.6723485
Tracy Taylor,47,22470 Griffith Garden Suite 405,Lauraburgh,Louisiana,168.311594,-22.352146
Charles Perez,64,956 Estrada Mission Apt. 714,Port Scottview,Wyoming,-63.179652,28.922517
John Garza,29,5172 Stevenson Spurs,West Cynthia,Kansas,-116.620176,-74.2920325
Denise Solis,51,927 Morrison Summit,Stewartberg,New Jersey,-131.153539,-0.178507
Michelle Graham,26,893 Garner Ferry Suite 865,Hernandezborough,New Hampshire,-102.590527,32.985592
Sarah Davis,79,86560 Charles Shore,North Felicia,South Carolina,31.832045,40.162118
Julia Gregory,58,17289 Sherri Trafficway Apt. 728,Jacobfurt,Alabama,163.770512,51.8829885
Emma Mcdonald,72,4848 Rachel Summit Apt. 818,Thomasshire,Louisiana,90.576754,-12.4411825
Amy Wright,77,8344 Michael Extensions,Port Jasonstad,New Mexico,-79.606274,41.7416445
Ashley Miller,53,3732 Margaret Mountain Suite 330,Gallagherborough,Minnesota,133.054558,73.191674
Lauren Perkins,19,657 Matthew Rest,Port Virginiaburgh,Kentucky,-41.367081,-62.1803245
Heather Kim,76,9256 Lynn Gardens,Port Gabrielle,Louisiana,136.018384,-35.782068
Grant Robinson,45,9022 Burns Fields Apt. 766,North Danatown,Maryland,171.325100,-80.0871875
Dawn Williams,51,40527 Adrian Fields,North Sheilachester,Iowa,126.694377,-47.4804795
Linda Norris,63,52710 Dakota Mountains Apt. 136,Port Ronald,Oregon,129.052772,19.762689
Sarah Sanders,65,215 Benjamin Drive Apt. 454,South Laura,New York,168.566358,-62.4360685
Patricia Cole,54,257 Patrick Square,South Jenniferfort,Montana,175.661863,-78.887623
Nathan Moore,62,330 Alexander Circle Suite 919,Combsland,Indiana,-77.844302,-68.509680
Angela Morton,45,810 Davis Trafficway,Scottstad,Mississippi,107.213259,86.857815
Taylor Sanders,79,863 Sawyer Groves Suite 280,North Edward,West Virginia,61.441560,74.5107275
Kara Barnett,43,53326 Reid Flat,Moodychester,Delaware,-147.478509,-53.165364
Kenneth Black,60,02032 Gregory Cape Suite 924,South Brendan,Alaska,166.078579,47.266696
Andrea Green,76,120 Martin Spring,Port Vickiton,Minnesota,123.422716,-87.6325925
Barbara Mack,50,573 Sydney Radial Suite 431,West Sonia,Texas,176.376037,-75.278621
Kyle Murphy,79,22201 Reginald Summit,East Ginaside,Alaska,64.595052,58.807663
Tara Alexander,41,580 Jennifer Throughway Suite 205,Lisamouth,Minnesota,-48.455084,58.9959035
Phillip Miller,66,8448 Contreras View Apt. 856,South Wayneland,Pennsylvania,16.395579,75.019503
Mr. Lance Fernandez,60,69287 Taylor Plaza Suite 846,Lake Michaelshire,Minnesota,145.671261,24.0568585
Dr. Michael Lee,44,9096 Molina Corners Suite 138,East Huntershire,Mississippi,-12.389598,29.525520
Ashley Douglas,30,158 Sarah Crossroad,Andremouth,Oregon,-24.501756,-59.3678875
Casey Smith,65,6025 Kimberly Spring Apt. 969,West Pamela,Georgia,23.850761,31.096731
Terri Miles,68,2976 Carroll Tunnel,Port Eric,New York,117.475636,-26.7651525
Rachel Conley DDS,60,079 Howard Street,North Jessicaville,Florida,-87.172599,75.5207605
Joseph Lyons,33,97968 White Turnpike,New Linda,Oregon,-88.010305,4.1910945
Spencer Rivers,70,438 Alvarado Trail Suite 695,East Penny,Nebraska,93.987169,27.857925
Dominic Gibson,29,9775 Roberts Locks Apt. 932,Timothyburgh,Kansas,-136.789844,-47.840888
Susan Sheppard,33,462 Dyer Cove Apt. 132,Lake Edwardport,Oregon,-156.524467,39.6960385
Olivia Roberts,67,6765 Williamson Track Suite 710,Michaelmouth,Alaska,49.887928,-82.1770165
Steven Williams,40,361 Danielle Courts Apt. 480,East Robintown,Oregon,-106.237644,84.9571525
Colton Walker,27,81529 Aaron Spring,East Codyfort,Missouri,144.400975,-47.0912485
Angel Watson,18,819 Nichols Inlet,Lake Annaside,Alabama,128.386279,-64.571632
Taylor Ingram DVM,52,49614 Patrick Rue Apt. 554,Cruzton,Arizona,-144.074122,-43.532435
Lindsay Coleman,42,07173 Davis Ways,South Vicki,Hawaii,71.946355,55.7093325
Trevor Griffith,19,5758 Molly Pass Suite 670,Haynesmouth,New Hampshire,18.004347,87.9795625
Benjamin Lewis,77,479 Johnson Light Suite 799,Jamesburgh,Connecticut,43.082062,-54.261576
Tracy Melendez,57,301 Charles Flats Suite 728,Jensenbury,Mississippi,-172.184847,35.187526
David Bell,60,91675 Donovan Causeway,New Gerald,New Mexico,164.525693,70.2608855
Linda Strickland,52,656 William Causeway,East Anthony,South Dakota,-138.823883,80.091615
Sean Thompson,64,5528 Randy Mall Suite 009,Stephanieton,Nevada,120.851436,-26.654357
Stephen Benson,30,4972 Wheeler Rest Suite 266,Crawfordmouth,Maryland,-46.293110,82.0094675
Steven Williams,29,67955 Veronica Pine Apt. 406,Brownstad,California,-155.055119,-5.116174
Taylor Munoz,43,0870 Petty Road,New Sarahville,Texas,51.966565,18.871307
Brent Morrison,30,068 James Valleys,Lake Racheltown,Delaware,-146.890576,-86.6284135
Thomas Finley,29,91782 Andrew Spur Suite 408,Port Johnborough,Alabama,23.720912,-50.2008585
Robin Wright,80,1306 Johnny Lodge Apt. 841,West Donald,Maine,5.272764,-14.3966815
Amanda Glover,45,4774 Ortega Ford,North Angela,Arkansas,-30.500884,-42.702577
Luis Garcia,30,01573 Marcus Road Suite 589,New Cassie,Alabama,59.033624,69.8688225
Grace Green,32,5463 Robin Extensions Suite 839,Haleyland,Kansas,54.710624,68.7552865
Linda Davis,62,49287 Clayton Haven,Collinsville,New York,142.575049,-71.6003835
Jonathan Greer,43,693 Joel Course Apt. 891,North Tony,Vermont,-172.296452,-68.924547
Andrew Soto,50,973 Hernandez Ridges,Anthonyton,Michigan,-39.974993,-32.423477
Sarah Blake,22,3659 Elizabeth Plains Apt. 055,New Stevenchester,Illinois,10.366166,-76.8790615
Scott Spence MD,33,2835 Wong Street,West Christinafort,Oklahoma,-55.502054,-13.324027
Marcus Johnson,45,48315 John Ferry Apt. 986,Sydneybury,South Carolina,-85.686710,89.4957515
Cassidy Pugh,44,585 Christopher Plains Suite 093,New Jeffreymouth,Nebraska,73.702545,1.441069
Gloria Garcia,74,35308 Lopez Burgs,Colleenville,North Carolina,51.168848,-88.8331655
Olivia Petersen,73,033 Gonzalez Row Apt. 997,Jenniferton,Alaska,-26.979829,15.7528905
John Castro,48,691 Neal Oval,Lake Karibury,West Virginia,-77.394041,82.5114755
Kelsey Caldwell,77,22398 Johnson Points,South Samantha,South Dakota,97.197607,-18.5555345
Michelle Mitchell,20,2474 Katie Ferry,East Matthewside,North Carolina,93.079062,-67.477324
Christopher Hines MD,80,79350 Sandoval Port Apt. 765,Zamoraport,New Jersey,7.284206,-23.539996
Gregory Pacheco,75,085 Sullivan Ways Apt. 498,Jacquelineton,Nebraska,-39.900776,-71.432738
Bradley Jenkins,36,12122 Karen Streets,Morganfort,Alabama,-101.987497,17.589213
Daniel Patterson,61,197 Michele Lane,Port Ashleybury,Illinois,-62.080727,-47.701225
Casey Cantrell,56,2198 Flores Dale Suite 112,Lake Tinahaven,New Hampshire,66.985088,-80.4264445
Nathan Barker,42,88458 Jennings Ports Apt. 558,West Seanborough,Minnesota,55.064726,-82.8958745
Jason Turner,33,2441 Mitchell Tunnel,South Franklinfurt,Utah,-139.329958,-44.557286
Kristi Miller,31,822 Courtney Mountains Apt. 524,Michellechester,Ohio,-52.392309,73.615186
Michael Martin,51,7549 Smith Oval Suite 893,Geraldview,South Carolina,-12.600356,60.4440295
Angela Calderon,24,151 Riley Bypass,Thomasborough,Maryland,-82.947926,80.8388275
Brian Marquez,33,5213 Hampton Street Apt. 783,Dalebury,Missouri,115.686610,17.128173
Dr. Samantha Hunter,35,86023 Brian Wells Suite 387,Griffithborough,Wisconsin,82.756805,-20.6839445
Robert Huerta,55,198 Ramirez Fields,North Jamesshire,Indiana,-45.712404,2.502544
Alexander Allen,73,7534 Norma Points Apt. 124,East Christinamouth,Illinois,96.841437,78.8260105
Patrick Dickerson,68,18324 Mary Plaza Apt. 959,Perryport,Washington,49.027697,40.0703125
Taylor Wall,36,49023 Black Crest Suite 975,North Cynthia,Wisconsin,-79.470660,-73.190074
Destiny Horn,64,589 Martin Ways,Watershaven,New York,-149.527389,83.382725
Anna Jones,50,956 Clayton Landing Suite 602,Elliottchester,Florida,-31.328989,37.7965215
Brenda Davis,50,24259 Kathleen Stream Suite 577,Port Thomas,Alaska,56.336049,18.6178265
Elizabeth Thompson,67,1698 Cox Wells,Nashfurt,New Mexico,-175.932519,0.8090435
Bobby Williamson,60,2194 Fowler Fords Suite 822,West John,California,-29.519103,9.7595435
Melissa Cruz,73,03611 Jason Walks Apt. 587,Lake Dianamouth,New York,-32.837019,-57.121925
Patricia Delacruz,70,77690 Ramirez Route,Kimberlyborough,Ohio,-134.735875,-26.5207915
Denise Kidd,22,56824 Amy Alley,Port Kelly,West Virginia,170.564939,29.8767275
Timothy Moore,77,03950 Jill Run Suite 025,West Georgeburgh,Maryland,117.124650,-3.960761
Nathan Smith,71,76426 Ian Unions,Coxside,Louisiana,-76.632500,21.2482165
Maria Coleman,46,031 Cervantes Harbors,New Nicolechester,Colorado,60.905913,73.5060875
Ashley Green,77,90954 Doyle Walk,Valerieville,Oklahoma,-25.914792,-32.1966405
Sarah Perry,33,860 Perez Junctions Suite 191,Christieborough,Michigan,116.245721,75.1794765
Zachary Campbell,49,53828 Maria Club Suite 793,South Laurashire,Washington,124.374659,-63.2707375
Nichole Hamilton,66,78855 Ann Haven Suite 101,Bowmanbury,Georgia,174.314588,27.795334
Jessica Cole,63,424 Jason Falls,Port Leviton,Michigan,-53.660909,71.2917005
Brenda Mcmillan,22,74658 Kyle Isle,Debrafurt,Wyoming,115.652040,-87.109771
Stacey Jackson,42,6614 Tom Forge Apt. 407,Keithbury,North Carolina,162.052440,4.9239655
Stephanie Moore,64,198 Richard Cliff,Dixonstad,Maryland,11.542253,38.566774
Christopher Adams,78,46746 Chad Plaza,West Kyle,Arizona,-1.919526,-88.5940535
Elizabeth Hart,28,0461 Doyle Port,Juanberg,Nebraska,107.937786,-40.351878
Amber Pollard,32,32753 Nichole Burgs Suite 354,Nathanport,Michigan,84.296266,35.6236845
Mrs. Jeanette Ruiz,56,82078 Newton Shoal,Katherineland,North Dakota,106.373199,86.9830605
Linda James,25,028 Scott Rapids,Lake Carlabury,New Hampshire,176.583263,-3.657643
Roberto Williams,23,4142 Barbara Flat Suite 272,New Audreychester,New Jersey,-27.275000,30.5937095
Brian Deleon,61,752 Schwartz Falls,Stephanieland,Virginia,-123.485111,-35.305858
Tony Gonzalez,65,6363 John Villages Apt. 680,South Amberside,Oregon,39.545079,-56.250534
Larry Blevins,77,2393 Amber Hill Apt. 544,New Amanda,Nebraska,-35.117557,25.8365875
Daniel Morris,22,1866 Cervantes Terrace,Port Clayton,Rhode Island,-177.834994,46.999453
Alexander Jones,35,15508 Daniel Green,Smithhaven,New Mexico,25.322578,60.909813
Natasha Delgado,62,2850 Porter Route Suite 592,Kelseyfurt,West Virginia,16.045574,60.440874
Jessica Mcguire,69,32006 Richard Unions Suite 385,Meredithbury,Idaho,108.781097,35.9394835
Robert Williams,25,8631 Christine Valleys,Edwardsport,Virginia,54.810535,-0.991759
Heather Gross,33,107 Middleton Lakes Suite 120,South Tanya,Oklahoma,133.376733,22.743659
Jessica Reynolds,35,090 Sandra Stravenue Apt. 571,East Staceymouth,Arizona,-154.206074,-87.132194
Melissa West,42,471 Blair Mission Apt. 818,Smithstad,South Dakota,13.813075,-71.3923755
Wesley Harris,68,2140 Autumn Lodge Apt. 014,Port James,Alabama,111.800465,-39.616171
Melissa Gross,71,29343 Gonzales River,Port Jacob,Colorado,-116.939990,45.258627
Amy Thomas,60,5536 Chris Flats,West Lisaville,Iowa,60.184813,20.940220
Katie Greene,50,3091 King Mill Suite 266,New Brandy,California,44.050790,-4.0926895
Jacqueline Potter,78,3453 Ronnie Radial,Port Miguel,Alaska,-47.012004,-84.2970645
Martin Norton,29,125 Heather Tunnel Suite 035,Leebury,Vermont,-13.802820,1.0165925
George Smith,80,2220 Day Meadows,Lake Robert,Alabama,2.750754,46.882516
Crystal Parker,75,9516 Anthony Course Apt. 210,Heatherton,Washington,32.987220,13.0310925
Suzanne Morris,24,3561 Ryan Mall Suite 816,West Cristina,Massachusetts,-2.389591,-43.5605955
William Anderson,68,561 Stephanie Prairie Apt. 857,Lake Alan,New York,149.340719,70.9118745
Alyssa Thomas,41,8822 Williams Avenue Suite 252,Stevensside,West Virginia,-86.108618,-40.7360215
James King,48,51308 Zachary Port,North Carrieland,North Carolina,63.898475,25.779300
Kelly White,32,234 Dawson Spurs Suite 783,East Anthonyside,Louisiana,118.251447,-45.9704055
David Gray,68,0313 Murphy Garden,Port Stephanieview,Pennsylvania,87.442480,-83.760911
Tyler Rose,53,2266 Gonzalez Points,East Ginaborough,Connecticut,102.504038,-6.621977
Frank Willis MD,44,34048 Kelley Mountain Apt. 476,North Julia,Michigan,-118.723970,-69.435376
Allen Johns,53,43135 Bowman Lodge Suite 980,Marioville,Virginia,138.918041,80.8160095
Daniel Estrada,40,588 Kimberly Park Apt. 415,East Kevinmouth,Louisiana,67.938642,55.020401
Matthew Scott,36,43421 Christian Tunnel,New Margaretview,California,-71.795033,-60.741998
Gregory Booth,68,775 Samuel Fork,Mcleanstad,Florida,133.539945,-68.431659
Tracy Burton,24,297 Walsh Isle,Garciatown,New York,18.635329,-62.7171225
Jennifer Clayton,24,66834 Gina Meadows Apt. 274,Edwardbury,New Mexico,11.161889,18.721047
Michael Holland,60,97658 Teresa Island,East Sarah,Arizona,34.617486,-73.8209095
Nicole Harper,18,2703 Perez Well,East Andreaport,Ohio,-63.885991,20.675915
Jeremy Perez,72,486 Warren Ridge,Lake Jennifer,Arizona,-9.312796,70.230130
Kristin Evans,45,905 Chambers Lake,West Danielle,Colorado,63.807244,41.5442545
Alice Sims,21,950 Eric Isle,Hillville,Massachusetts,-52.828395,-81.446283
Amy Becker,31,743 Jimmy Junctions Apt. 766,Josephburgh,Oregon,81.663325,58.5756125
Gabriella Reynolds,43,007 Griffith Ville,Marissastad,Kansas,-4.700889,-78.6735095
Rachel Scott,52,42005 Collins Expressway,Gentryfurt,West Virginia,167.522656,38.995359
Natasha Baxter,77,8197 Pamela Place Suite 916,Port Annahaven,Missouri,-24.140832,82.264011
Katie Lawrence,67,7214 Villarreal Springs,Sydneybury,North Carolina,-140.735908,66.0778695
Duane Scott,71,139 Tiffany Mountain Suite 552,Lake Phillip,Rhode Island,-3.591099,56.7292945
Kyle Price,76,0571 Amy Key Apt. 268,Colestad,Mississippi,165.519390,-76.341613
Crystal Shields,35,357 Jones Mills Apt. 760,North David,Connecticut,50.207283,7.534528
Amy Johnson,21,4357 Debra Pine,Larryside,Oklahoma,44.995309,20.705428
Jessica Fields,74,24719 Joseph Corners Suite 357,North Aliciashire,Oregon,21.155655,2.2134175
Jessica Gomez,79,114 Amanda Courts,Port Heather,Indiana,-44.647947,-81.1914945
Matthew Browning,19,690 Singleton Points,South William,Arkansas,-73.190496,-46.9478125
Claudia Mora,62,8525 Garcia Summit Suite 665,Brandonfort,North Carolina,-70.484155,-10.0389755
Timothy Martin,80,216 Stevens Dale Apt. 818,Port Christopherland,Delaware,1.625228,-72.040614
Chase Smith,26,7215 Robert Freeway Suite 979,Lake Kevinburgh,West Virginia,-108.428053,22.489598
Nicole Bryant,32,752 Hays Circles,South Patrick,Alaska,113.443209,6.1987215
Alexandra Henderson,25,01416 Smith Shores Apt. 916,East Donview,Georgia,142.107411,65.585581
Laura Burton,45,5850 Derek Cliffs,East Vincent,South Dakota,142.684523,41.202518
Troy Caldwell,39,98294 Cooper Square,Stephaniefurt,Florida,-17.066508,33.682006
John Green,26,157 Holland Track Apt. 448,South Suzannechester,New York,-37.585676,-72.076233
Bruce Bowman,79,8034 Paige Flat,Nelsonfurt,Virginia,139.685257,41.776511
Cynthia Meyer,69,2235 Angela Burg,Wellstown,Florida,66.462421,-64.0861295
Jeremy Maldonado,80,4267 Kramer Turnpike,Stephenshire,South Dakota,-164.894917,-69.910464
Michael Young,60,59889 Michael Harbors,Davidchester,Indiana,-18.985175,11.5802355
James Wright,37,847 Powell Mount Suite 522,Port Tracey,Kansas,166.756343,-55.0011425
Miss Karen Jones MD,73,65823 Dorothy Lake,Annetteside,Illinois,18.161753,86.5318085
Raymond Miller,80,2717 Brian Grove Suite 782,Lake Oliviaburgh,South Carolina,-171.004450,31.3983565
Samantha Garcia,45,700 Butler Lodge,West David,Alabama,-86.280914,57.9462955
Jose Lee,54,24831 Jose Land Suite 979,South Amy,South Carolina,22.916405,2.0483145
Regina Harrison,60,85873 Andersen Circle Apt. 513,Whiteheadstad,North Carolina,-162.021163,1.217097
Theresa Wells,40,985 Martin Ford,West Christineside,Nevada,32.622761,13.326831
Kathryn Campbell,21,19735 Meagan Fork Suite 012,North Joseph,Mississippi,-71.256320,-75.230584
Tiffany Rice,59,4960 Gregory Ports,Turnerton,Louisiana,130.368213,-19.2874635
Thomas Ortiz,20,126 Sanchez Fords Suite 328,North Marcus,Louisiana,-176.970719,-70.6822815
Logan Hansen,35,613 Denise Junction Apt. 127,Levyberg,Wyoming,-136.105847,-77.400385
Mr. Brandon Mack,59,26718 Mendoza Ridges Suite 508,East Davidfurt,North Carolina,124.161395,54.2577385
Amy Dunlap,74,9084 Collins Mews,West Bobby,Maine,150.033595,13.5846685
Kevin Santana,22,579 William Spring Apt. 052,Traciborough,Illinois,-155.472224,-86.7478085
Sara Terry,58,826 Anderson Extension,Silvaport,Florida,26.794889,34.204382
Paul Brooks,44,2349 Le Mountain,New Elizabeth,Hawaii,-146.027298,6.988083
Emma Combs,34,479 Edwards Mount,Lake Lauren,Colorado,157.868897,-9.1357745
Angel Warren,44,081 Bryan Place,New Kenneth,Tennessee,110.351110,43.640097
Bryan Burns,76,88476 Allen Street Suite 830,Melissafort,Ohio,34.857374,-84.740815
Angelica Evans,41,0628 Hunter Stream Apt. 051,Suarezmouth,South Dakota,-120.451262,-19.8829365
Christian Gates,68,3862 Williams Ridge Apt. 206,Christinebury,Alabama,5.608904,21.5628025
Brandi Allen,80,89409 Alison Fields,New Amandaland,Ohio,-140.332367,52.102939
Kelly Jimenez,76,50675 Mccarthy Road,East Sarah,New York,76.388841,82.1854105
David Boyer,76,970 Blankenship Isle Apt. 104,Port Stevenfurt,Iowa,-30.781262,68.619973
Mark Moore,61,328 Chavez Junctions,Scottburgh,North Carolina,-41.771771,-5.3915415
Mary Gilbert,23,584 Chad Meadow,New Eric,Arkansas,-132.404369,-54.648908
Amber Lucero,61,55894 Patricia Falls,Webbview,Nevada,29.138358,-0.765915
Christine Garner,64,75136 Paul Lodge,Kelseyside,Washington,44.503894,65.9845525
Eric Figueroa,22,0770 Maria Forest Apt. 250,Kennedyfurt,Minnesota,-8.639481,57.511773
Dawn Coleman,40,08274 Pearson Alley Suite 642,Parkermouth,South Carolina,-21.440529,10.968680
Cassandra Savage,38,04792 Blake Parks Suite 268,North Jenny,Iowa,47.621023,47.622036
Dylan Castillo,19,42314 Smith Branch,Mitchellfurt,Florida,-36.660784,34.7449325
Roy Soto,32,6448 Carlos Way,Lake Danielfort,West Virginia,-22.541331,-49.773383
